time,Fx,Fy,Fz,Mx,My,Mz,ankle_bushing_r_MX,ankle_bushing_r_MY,ankle_bushing_r_MZ,brace_bushing_r_MX,brace_bushing_r_MY,brace_bushing_r_MZ,ankle_angle_r_q,subtalar_angle_r_q,ankle_angle_r_u,subtalar_angle_r_u,tibia_r_X,tibia_r_Y,tibia_r_Z,tibia_r_Ox,tibia_r_Oy,tibia_r_Oz,calcn_r_X,calcn_r_Y,calcn_r_Z,calcn_r_Ox,calcn_r_Oy,calcn_r_Oz
0 sec,-5454.416,11495.144,420.078,376.988,36.818,1653.099,0.605,0.678,-3.01,1.155,2.692,-15.407,-33.714,0.026,1270.901,112.812,-0.354,0.402,0.384,3.277,-0.348,2.14,-0.304,0.101,0.369,8.131,4.388,-31.085
0.001 sec,-148.138,327.511,59.752,9.788,-4.918,40.922,0.577,0.602,-2.633,1.058,2.248,-12.804,-31.711,0.235,1649.333,175.673,-0.354,0.399,0.384,3.28,-0.072,1.616,-0.306,0.099,0.368,8.025,4.454,-29.683
0.002 sec,-57.968,213.215,23.27,8.024,-2.222,30.644,0.557,0.546,-2.354,0.996,1.926,-10.883,-30.025,0.411,1642.713,168.2,-0.355,0.397,0.384,3.283,0.145,1.183,-0.307,0.097,0.368,7.937,4.5,-28.495
0.003 sec,-25.168,187.402,12.226,7.842,-1.767,29.713,0.538,0.497,-2.11,0.944,1.65,-9.223,-28.382,0.575,1609.042,156.992,-0.355,0.395,0.383,3.288,0.353,0.766,-0.309,0.096,0.368,7.846,4.543,-27.328
0.004 sec,-13.919,188.919,9.222,8.158,-1.802,31.353,0.522,0.455,-1.908,0.903,1.425,-7.857,-26.844,0.723,1566.832,148.169,-0.355,0.393,0.383,3.295,0.545,0.381,-0.31,0.095,0.368,7.758,4.581,-26.229
0.005 sec,-13.698,203.404,11.248,8.624,-2.272,34.31,0.505,0.416,-1.72,0.866,1.222,-6.614,-25.248,0.873,1519.355,141.889,-0.355,0.39,0.383,3.306,0.739,-0.012,-0.312,0.093,0.368,7.667,4.618,-25.08
0.006 sec,-21.676,223.338,16.494,9.097,-2.98,37.618,0.49,0.383,-1.561,0.837,1.055,-5.582,-23.726,1.015,1474.27,138.335,-0.356,0.388,0.383,3.319,0.92,-0.379,-0.313,0.092,0.368,7.582,4.651,-23.976
0.007 sec,-33.855,243.979,22.619,9.559,-3.675,40.808,0.477,0.355,-1.43,0.813,0.922,-4.751,-22.319,1.148,1434.323,136.794,-0.356,0.386,0.383,3.334,1.082,-0.711,-0.314,0.091,0.368,7.508,4.679,-22.948
0.008 sec,-48.795,269.857,29.711,10.217,-4.495,44.903,0.465,0.328,-1.306,0.793,0.801,-3.999,-20.839,1.291,1394.776,136.679,-0.356,0.384,0.383,3.353,1.246,-1.051,-0.316,0.089,0.368,7.436,4.705,-21.857
0.009 sec,-62.033,297.088,36.17,11.003,-5.32,49.415,0.454,0.307,-1.206,0.777,0.709,-3.422,-19.536,1.42,1361.97,137.769,-0.357,0.382,0.383,3.371,1.384,-1.343,-0.317,0.088,0.368,7.377,4.725,-20.889
0.01 sec,-73.664,329.795,42.828,12.055,-6.339,55.254,0.444,0.286,-1.11,0.763,0.625,-2.898,-18.128,1.566,1328.507,140.291,-0.357,0.379,0.382,3.395,1.526,-1.649,-0.318,0.087,0.368,7.323,4.743,-19.834
0.011 sec,-84.89,366.447,49.382,13.283,-7.441,62.003,0.435,0.267,-1.02,0.75,0.551,-2.438,-16.696,1.721,1295.919,143.819,-0.357,0.377,0.382,3.421,1.663,-1.952,-0.319,0.085,0.368,7.276,4.759,-18.754
0.012 sec,-92.705,397.656,53.96,14.379,-8.305,67.939,0.429,0.253,-0.954,0.742,0.502,-2.133,-15.563,1.849,1271.432,147.36,-0.358,0.375,0.382,3.444,1.764,-2.185,-0.32,0.084,0.368,7.246,4.768,-17.892
0.013 sec,-100.365,437.52,58.942,15.843,-9.357,75.737,0.422,0.237,-0.878,0.734,0.45,-1.814,-14.175,2.015,1242.709,152.75,-0.358,0.372,0.382,3.474,1.879,-2.462,-0.321,0.082,0.367,7.219,4.776,-16.829
0.014 sec,-105.896,472.285,62.988,17.147,-10.271,82.653,0.418,0.224,-0.818,0.728,0.412,-1.59,-13.01,2.162,1219.534,158.278,-0.358,0.37,0.382,3.502,1.968,-2.686,-0.322,0.081,0.367,7.206,4.781,-15.93
0.015 sec,-110.972,507.875,66.989,18.489,-11.216,89.791,0.414,0.212,-0.761,0.724,0.381,-1.402,-11.874,2.314,1197.571,164.368,-0.359,0.368,0.382,3.53,2.047,-2.899,-0.323,0.079,0.367,7.201,4.784,-15.048
0.016 sec,-116.427,547.779,71.205,20.001,-12.248,97.843,0.412,0.2,-0.7,0.721,0.351,-1.229,-10.644,2.488,1174.622,171.683,-0.359,0.365,0.382,3.563,2.125,-3.122,-0.324,0.078,0.367,7.206,4.785,-14.087
0.017 sec,-122.952,591.893,75.615,21.666,-13.332,106.495,0.41,0.189,-0.641,0.72,0.326,-1.084,-9.441,2.67,1153.529,179.984,-0.359,0.363,0.382,3.597,2.192,-3.332,-0.325,0.076,0.367,7.222,4.785,-13.14
0.018 sec,-128.297,634.337,80.317,23.264,-14.534,114.701,0.411,0.179,-0.585,0.721,0.306,-0.963,-8.303,2.853,1135.183,188.907,-0.36,0.361,0.382,3.631,2.247,-3.524,-0.325,0.075,0.367,7.248,4.785,-12.24
0.019 sec,-132.379,675.669,84.533,24.829,-15.69,122.791,0.412,0.169,-0.527,0.724,0.288,-0.856,-7.174,3.047,1117.49,198.093,-0.36,0.358,0.382,3.666,2.293,-3.707,-0.326,0.073,0.367,7.286,4.785,-11.341
0.02 sec,-136.303,718.443,88.555,26.448,-16.824,131.231,0.415,0.159,-0.466,0.729,0.271,-0.752,-6.012,3.26,1099.429,207.688,-0.36,0.356,0.382,3.704,2.332,-3.889,-0.327,0.072,0.367,7.335,4.786,-10.41
0.021 sec,-141.735,758.754,92.041,27.921,-17.765,139.023,0.419,0.151,-0.411,0.735,0.257,-0.664,-5.017,3.453,1084.461,216.299,-0.361,0.354,0.382,3.737,2.358,-4.039,-0.328,0.07,0.367,7.387,4.787,-9.609
0.022 sec,-146.558,797.949,95.257,29.307,-18.682,146.453,0.423,0.143,-0.356,0.742,0.244,-0.581,-4.077,3.645,1071.422,224.886,-0.361,0.352,0.382,3.77,2.376,-4.176,-0.328,0.069,0.367,7.444,4.79,-8.85
0.023 sec,-150.359,844.135,98.587,30.963,-19.761,155.179,0.429,0.133,-0.286,0.754,0.229,-0.474,-2.944,3.89,1056.281,235.501,-0.361,0.349,0.382,3.81,2.388,-4.335,-0.329,0.067,0.367,7.523,4.796,-7.929
0.024 sec,-154.688,893.576,102.053,32.722,-20.911,164.267,0.437,0.123,-0.21,0.768,0.213,-0.356,-1.79,4.156,1041.454,246.786,-0.362,0.347,0.382,3.853,2.391,-4.491,-0.33,0.066,0.366,7.616,4.804,-6.988
0.025 sec,-158.321,938.637,105.289,34.285,-21.997,172.161,0.445,0.114,-0.14,0.782,0.199,-0.243,-0.813,4.393,1029.956,256.923,-0.362,0.344,0.382,3.89,2.385,-4.618,-0.33,0.064,0.366,7.704,4.813,-6.187
0.026 sec,-160.191,980.31,108.086,35.712,-22.99,179.283,0.454,0.105,-0.07,0.798,0.184,-0.124,0.114,4.63,1019.636,266.672,-0.362,0.342,0.382,3.926,2.372,-4.734,-0.331,0.063,0.366,7.796,4.825,-5.426
0.027 sec,-161.962,1027.03,110.831,37.3,-24.024,187.257,0.464,0.095,0.016,0.818,0.165,0.03,1.174,4.915,1007.56,277.792,-0.362,0.34,0.382,3.969,2.348,-4.863,-0.332,0.061,0.366,7.91,4.841,-4.552
0.028 sec,-164.089,1077.211,114.405,39.053,-25.316,195.269,0.475,0.084,0.104,0.84,0.144,0.2,2.19,5.202,996.534,288.993,-0.363,0.337,0.382,4.011,2.315,-4.981,-0.332,0.06,0.366,8.03,4.86,-3.712
0.029 sec,-164.811,1198.001,95.35,43.468,-28.252,206.005,0.488,0.071,0.208,0.866,0.118,0.41,3.293,5.531,985.609,302.849,-0.363,0.335,0.382,4.058,2.269,-5.106,-0.333,0.058,0.366,8.171,4.884,-2.797
0.03 sec,-95.317,2055.309,-134.221,73.881,-58.214,239.031,0.5,0.061,0.297,0.889,0.095,0.603,4.178,5.812,963.921,314.33,-0.363,0.333,0.382,4.1,2.211,-5.205,-0.333,0.057,0.366,8.299,4.898,-2.064
0.031 sec,155.19,4152.099,-285.86,140.8,-132.25,321.675,0.513,0.048,0.403,0.916,0.064,0.842,5.156,6.136,905.622,302.046,-0.363,0.331,0.382,4.171,2.063,-5.329,-0.334,0.055,0.366,8.471,4.841,-1.264
0.032 sec,552.136,5691.505,997.965,179.035,-181.443,393.981,0.522,0.036,0.496,0.936,0.035,1.059,5.947,6.413,845.057,328.666,-0.363,0.329,0.382,4.267,1.8,-5.461,-0.334,0.054,0.365,8.659,4.663,-0.64
0.033 sec,877.161,7290.779,1597.828,215.299,-217.588,459.122,0.541,0.023,0.599,0.976,0.002,1.314,6.812,6.843,763.493,489.44,-0.363,0.327,0.382,4.385,1.407,-5.655,-0.335,0.053,0.365,8.976,4.441,-0.022
0.034 sec,869.368,7442.047,1592.517,209.317,-211.665,471.685,0.57,0.015,0.683,1.04,-0.022,1.524,7.51,7.39,684.514,638.152,-0.362,0.325,0.382,4.477,1.008,-5.877,-0.335,0.052,0.365,9.385,4.3,0.385
0.035 sec,671.685,6391.101,1309.637,169.911,-169.299,435.078,0.612,0.009,0.758,1.134,-0.042,1.721,8.166,8.102,609.559,755.594,-0.361,0.324,0.383,4.56,0.552,-6.161,-0.335,0.051,0.365,9.921,4.209,0.666
0.036 sec,385.515,4793.37,912.166,119.781,-114.868,375.142,0.66,0.004,0.823,1.253,-0.057,1.892,8.748,8.901,545.398,819.836,-0.36,0.323,0.383,4.631,0.081,-6.487,-0.335,0.05,0.365,10.523,4.161,0.823
0.037 sec,113.838,3300.142,552.221,77.475,-68.519,318.235,0.712,0.001,0.879,1.393,-0.066,2.042,9.273,9.746,492.354,838.236,-0.358,0.322,0.384,4.693,-0.394,-6.845,-0.335,0.05,0.365,11.162,4.143,0.89
0.038 sec,-81.228,2266.868,303.748,49.825,-37.708,278.831,0.765,-0.001,0.926,1.545,-0.069,2.172,9.738,10.57,451.135,827.082,-0.357,0.322,0.385,4.746,-0.843,-7.206,-0.335,0.05,0.366,11.787,4.142,0.899
0.039 sec,-193.937,1714.183,175.387,36.476,-22.466,257.821,0.815,-0.003,0.966,1.701,-0.068,2.283,10.144,11.331,419.121,803.333,-0.355,0.322,0.386,4.793,-1.251,-7.552,-0.335,0.049,0.366,12.368,4.15,0.874
0.04 sec,-264.429,1411.066,112.471,30.357,-15.578,246.598,0.869,-0.005,1.007,1.884,-0.062,2.395,10.558,12.139,389.034,773.7,-0.353,0.321,0.387,4.84,-1.676,-7.928,-0.335,0.049,0.366,12.985,4.166,0.825
0.041 sec,-307.995,1249.436,84.619,27.637,-12.651,240.79,0.925,-0.006,1.044,2.085,-0.05,2.5,10.953,12.939,362.177,743.641,-0.352,0.321,0.388,4.886,-2.088,-8.308,-0.335,0.049,0.367,13.598,4.189,0.758
0.042 sec,-333.87,1166.798,73.795,26.443,-11.429,237.881,0.976,-0.007,1.076,2.282,-0.033,2.591,11.297,13.653,340.137,717.593,-0.35,0.32,0.389,4.926,-2.45,-8.653,-0.335,0.049,0.367,14.148,4.216,0.685
0.043 sec,-348.474,1124.523,70.127,25.98,-11.05,236.371,1.027,-0.007,1.104,2.489,-0.011,2.674,11.617,14.337,320.52,693.984,-0.348,0.32,0.39,4.962,-2.789,-8.987,-0.335,0.049,0.368,14.677,4.249,0.605
0.044 sec,-358.854,1090.776,70.947,25.651,-10.884,234.962,1.083,-0.006,1.132,2.722,0.02,2.755,11.937,15.041,301.755,671.376,-0.347,0.32,0.391,4.999,-3.128,-9.332,-0.335,0.049,0.368,15.222,4.291,0.513
0.045 sec,-365.87,1070.176,70.379,25.527,-10.738,233.994,1.139,-0.003,1.157,2.971,0.057,2.831,12.243,15.73,284.683,651.164,-0.345,0.32,0.392,5.032,-3.45,-9.67,-0.335,0.049,0.369,15.755,4.341,0.416
0.046 sec,-369.467,1058.741,69.112,25.544,-10.747,233.252,1.194,-0,1.179,3.216,0.099,2.896,12.513,16.355,270.222,634.37,-0.344,0.319,0.393,5.061,-3.733,-9.977,-0.335,0.049,0.369,16.241,4.396,0.321
0.047 sec,-370.944,1053.369,66.472,25.666,-10.69,232.71,1.25,0.004,1.199,3.482,0.148,2.958,12.775,16.98,256.71,618.953,-0.342,0.319,0.394,5.087,-4.006,-10.28,-0.335,0.049,0.369,16.725,4.46,0.222
0.048 sec,-370.958,1050.17,63.843,25.834,-10.665,232.18,1.308,0.009,1.216,3.757,0.204,3.014,13.022,17.582,244.504,605.194,-0.341,0.319,0.395,5.11,-4.259,-10.57,-0.335,0.048,0.37,17.193,4.53,0.122
0.049 sec,-370.32,1047.519,61.337,26.034,-10.628,231.63,1.367,0.016,1.232,4.044,0.267,3.064,13.255,18.166,233.486,592.921,-0.339,0.318,0.396,5.131,-4.496,-10.848,-0.334,0.048,0.37,17.645,4.606,0.022
0.05 sec,-368.639,1044.812,59.052,26.263,-10.539,231.028,1.429,0.024,1.246,4.354,0.339,3.112,13.483,18.753,223.105,581.4,-0.338,0.318,0.397,5.15,-4.727,-11.123,-0.334,0.048,0.371,18.101,4.691,-0.081
0.051 sec,-366.855,1042.337,56.97,26.533,-10.373,230.444,1.494,0.033,1.259,4.685,0.42,3.155,13.705,19.339,213.458,570.787,-0.337,0.318,0.398,5.166,-4.948,-11.393,-0.334,0.048,0.371,18.555,4.784,-0.186
0.052 sec,-364.911,1040.167,55.152,26.836,-10.235,229.86,1.563,0.045,1.27,5.042,0.512,3.196,13.923,19.929,204.431,560.963,-0.335,0.318,0.399,5.182,-5.163,-11.66,-0.334,0.048,0.372,19.012,4.884,-0.293
0.053 sec,-363.083,1038.985,52.991,27.113,-9.997,229.419,1.63,0.057,1.279,5.393,0.606,3.231,14.119,20.473,196.772,552.556,-0.334,0.317,0.4,5.194,-5.356,-11.901,-0.334,0.048,0.373,19.434,4.983,-0.392
0.054 sec,-360.468,1037.768,50.669,27.373,-9.676,228.949,1.701,0.071,1.287,5.768,0.71,3.263,14.311,21.019,189.698,544.56,-0.333,0.317,0.401,5.205,-5.543,-12.138,-0.334,0.048,0.373,19.856,5.089,-0.491
0.055 sec,-357.737,1036.599,48.225,27.665,-9.275,228.468,1.777,0.087,1.294,6.178,0.828,3.294,14.505,21.582,182.928,536.722,-0.332,0.317,0.403,5.216,-5.73,-12.376,-0.334,0.048,0.374,20.292,5.204,-0.593
0.056 sec,-355.122,1035.949,46.035,27.962,-8.901,228.095,1.849,0.103,1.3,6.568,0.944,3.319,14.676,22.088,177.261,530.007,-0.331,0.316,0.404,5.224,-5.894,-12.585,-0.333,0.048,0.374,20.684,5.311,-0.684
0.057 sec,-352.248,1035.704,43.834,28.304,-8.519,227.767,1.928,0.122,1.305,6.998,1.075,3.343,14.851,22.616,171.755,523.28,-0.329,0.316,0.405,5.232,-6.06,-12.798,-0.333,0.048,0.375,21.092,5.428,-0.778
0.058 sec,-349.123,1035.854,41.417,28.688,-8.079,227.501,2.014,0.143,1.309,7.474,1.224,3.367,15.03,23.168,166.385,516.416,-0.328,0.316,0.406,5.239,-6.231,-13.016,-0.333,0.047,0.375,21.519,5.555,-0.875
0.059 sec,-346.293,1036.296,39.124,29.047,-7.643,227.328,2.096,0.165,1.312,7.926,1.368,3.386,15.19,23.666,161.87,510.302,-0.327,0.315,0.407,5.245,-6.381,-13.207,-0.333,0.047,0.376,21.904,5.672,-0.961
0.06 sec,-343.587,1037.162,36.561,29.388,-7.142,227.228,2.18,0.188,1.314,8.399,1.523,3.404,15.346,24.162,157.723,504.168,-0.326,0.315,0.408,5.251,-6.528,-13.392,-0.333,0.047,0.376,22.288,5.793,-1.045
0.061 sec,-340.805,1038.568,33.576,29.69,-6.564,227.173,2.269,0.213,1.316,8.901,1.69,3.421,15.502,24.664,153.889,497.787,-0.325,0.315,0.409,5.257,-6.675,-13.576,-0.333,0.047,0.377,22.676,5.917,-1.128
0.062 sec,-338.037,1040.332,30.227,29.964,-5.892,227.209,2.355,0.238,1.317,9.387,1.855,3.437,15.644,25.128,150.609,491.603,-0.325,0.314,0.41,5.262,-6.809,-13.741,-0.333,0.047,0.378,23.034,6.034,-1.202
0.063 sec,-335.274,1043.236,25.846,30.167,-5.034,227.326,2.455,0.268,1.318,9.957,2.051,3.454,15.803,25.648,147.349,484.186,-0.324,0.314,0.411,5.268,-6.958,-13.923,-0.333,0.047,0.378,23.437,6.168,-1.284
0.064 sec,-331.855,1045.998,21.155,30.351,-4.101,227.42,2.555,0.299,1.318,10.531,2.252,3.47,15.955,26.148,144.45,476.429,-0.323,0.313,0.412,5.275,-7.1,-14.094,-0.332,0.046,0.379,23.824,6.297,-1.36
0.065 sec,-329.573,1041.412,17.372,30.278,-3.258,225.979,2.647,0.328,1.319,11.06,2.44,3.485,16.089,26.591,142.439,468.948,-0.322,0.313,0.413,5.281,-7.226,-14.243,-0.332,0.046,0.379,24.167,6.413,-1.425
0.066 sec,-327.834,1031.608,11.033,29.984,-1.758,223.334,2.746,0.361,1.319,11.634,2.648,3.503,16.231,27.054,141.286,460.477,-0.321,0.313,0.414,5.288,-7.358,-14.395,-0.332,0.046,0.38,24.526,6.535,-1.489
0.067 sec,-324.517,1036.599,5.761,30.134,-0.716,223.823,2.85,0.395,1.32,12.236,2.869,3.523,16.375,27.521,139.607,451.413,-0.321,0.312,0.415,5.297,-7.491,-14.547,-0.332,0.046,0.38,24.889,6.658,-1.551
0.068 sec,-320.997,1041.55,0.475,30.285,0.353,224.32,2.958,0.432,1.321,12.866,3.104,3.545,16.522,27.994,138.022,441.32,-0.32,0.312,0.416,5.307,-7.626,-14.699,-0.332,0.046,0.381,25.255,6.783,-1.609
0.069 sec,-317.797,1046.245,-4.371,30.416,1.354,224.8,3.06,0.468,1.323,13.463,3.33,3.569,16.658,28.427,136.651,431.123,-0.319,0.311,0.416,5.317,-7.751,-14.837,-0.332,0.045,0.381,25.592,6.897,-1.66
0.07 sec,-314.741,1051.173,-9.417,30.493,2.412,225.316,3.163,0.504,1.325,14.068,3.563,3.595,16.794,28.851,135.411,420.084,-0.318,0.311,0.417,5.329,-7.876,-14.972,-0.332,0.045,0.382,25.924,7.007,-1.707
0.071 sec,-311.305,1055.451,-14.096,30.531,3.447,225.753,3.264,0.541,1.328,14.665,3.796,3.624,16.927,29.26,134.286,408.314,-0.318,0.31,0.418,5.343,-7.999,-15.102,-0.332,0.045,0.382,26.243,7.111,-1.749
0.072 sec,-308.265,1059.46,-18.576,30.549,4.498,226.198,3.361,0.576,1.332,15.236,4.021,3.656,17.053,29.64,133.261,396.23,-0.317,0.31,0.419,5.358,-8.115,-15.223,-0.332,0.045,0.383,26.542,7.206,-1.784
0.073 sec,-305.231,1063.221,-22.73,30.538,5.54,226.631,3.462,0.614,1.336,15.836,4.262,3.694,17.186,30.03,132.232,382.609,-0.316,0.31,0.42,5.376,-8.239,-15.348,-0.331,0.044,0.383,26.85,7.301,-1.818
0.074 sec,-302.199,1066.949,-26.679,30.507,6.578,227.062,3.562,0.652,1.342,16.432,4.505,3.737,17.32,30.411,131.24,368.08,-0.316,0.309,0.421,5.396,-8.363,-15.473,-0.331,0.044,0.383,27.152,7.39,-1.847
0.075 sec,-299.299,1070.502,-30.339,30.455,7.594,227.495,3.657,0.689,1.349,17.001,4.741,3.784,17.449,30.767,130.292,353.12,-0.315,0.309,0.422,5.418,-8.483,-15.591,-0.331,0.044,0.384,27.437,7.47,-1.871
0.076 sec,-296.085,1073.819,-33.446,30.341,8.58,227.887,3.756,0.728,1.358,17.595,4.991,3.841,17.587,31.135,129.312,336.195,-0.315,0.308,0.422,5.445,-8.612,-15.717,-0.331,0.044,0.384,27.733,7.548,-1.892
0.077 sec,-293.184,1076.525,-35.932,30.179,9.561,228.264,3.847,0.764,1.369,18.146,5.228,3.902,17.719,31.471,128.38,319.02,-0.314,0.308,0.423,5.474,-8.737,-15.836,-0.331,0.044,0.384,28.006,7.613,-1.907
0.078 sec,-290.147,1078.151,-37.519,29.973,10.443,228.526,3.932,0.798,1.38,18.657,5.451,3.967,17.847,31.781,127.486,301.68,-0.314,0.307,0.424,5.505,-8.857,-15.95,-0.331,0.043,0.385,28.261,7.668,-1.917
0.079 sec,-287.134,1078.654,-37.955,29.773,11.214,228.695,4.009,0.83,1.393,19.124,5.66,4.037,17.97,32.064,126.542,284.495,-0.313,0.307,0.425,5.537,-8.973,-16.059,-0.331,0.043,0.385,28.496,7.713,-1.922
0.08 sec,-284.551,1078.501,-37.337,29.577,11.867,228.828,4.079,0.859,1.407,19.554,5.856,4.111,18.089,32.326,125.52,267.445,-0.313,0.307,0.425,5.572,-9.086,-16.164,-0.331,0.043,0.385,28.716,7.748,-1.923
0.081 sec,-282.16,1077.838,-35.977,29.356,12.489,228.947,4.15,0.889,1.423,19.986,6.058,4.197,18.218,32.591,124.327,248.958,-0.312,0.306,0.426,5.612,-9.207,-16.277,-0.331,0.043,0.386,28.943,7.777,-1.92
0.082 sec,-279.997,1076.718,-34.058,29.124,12.992,229.017,4.214,0.916,1.442,20.383,6.248,4.29,18.344,32.837,123.05,230.602,-0.312,0.306,0.427,5.655,-9.327,-16.389,-0.331,0.043,0.386,29.156,7.798,-1.913
0.083 sec,-278.223,1075.387,-31.798,28.922,13.335,229.057,4.266,0.94,1.46,20.71,6.411,4.379,18.459,33.045,121.8,214.096,-0.311,0.306,0.427,5.696,-9.434,-16.489,-0.331,0.043,0.386,29.34,7.808,-1.904
0.084 sec,-276.421,1073.507,-28.89,28.702,13.602,229.051,4.318,0.963,1.481,21.033,6.577,4.483,18.583,33.255,120.327,196.293,-0.311,0.305,0.428,5.744,-9.55,-16.598,-0.331,0.042,0.386,29.531,7.812,-1.89
0.085 sec,-274.742,1071.289,-25.552,28.485,13.769,229.01,4.364,0.984,1.504,21.322,6.732,4.594,18.708,33.451,118.685,178.586,-0.31,0.305,0.428,5.795,-9.666,-16.709,-0.331,0.042,0.386,29.713,7.807,-1.873
0.086 sec,-273.353,1069.003,-22.075,28.288,13.801,228.935,4.399,1.001,1.526,21.551,6.861,4.699,18.821,33.615,117.043,162.843,-0.31,0.305,0.429,5.844,-9.77,-16.809,-0.331,0.042,0.386,29.869,7.796,-1.855
0.087 sec,-272.091,1066.673,-18.44,28.081,13.757,228.84,4.429,1.015,1.549,21.746,6.977,4.807,18.932,33.763,115.3,147.702,-0.309,0.304,0.429,5.895,-9.871,-16.907,-0.331,0.042,0.386,30.014,7.779,-1.835
0.088 sec,-270.747,1063.877,-14.193,27.844,13.618,228.685,4.455,1.029,1.576,21.923,7.09,4.93,19.052,33.91,113.213,131.524,-0.309,0.304,0.43,5.952,-9.98,-17.015,-0.331,0.042,0.386,30.163,7.752,-1.811
0.089 sec,-269.534,1060.871,-9.677,27.61,13.369,228.484,4.475,1.04,1.603,22.062,7.189,5.055,19.17,34.039,110.969,116.157,-0.309,0.304,0.43,6.011,-10.084,-17.121,-0.331,0.042,0.387,30.301,7.72,-1.786
0.09 sec,-268.446,1057.995,-5.429,27.377,13.075,228.262,4.489,1.048,1.63,22.159,7.268,5.174,19.277,34.146,108.714,102.358,-0.308,0.303,0.431,6.068,-10.179,-17.219,-0.331,0.042,0.387,30.421,7.684,-1.761
0.091 sec,-267.381,1054.939,-1.137,27.137,12.705,227.986,4.497,1.053,1.657,22.227,7.335,5.296,19.385,34.242,106.261,88.924,-0.308,0.303,0.431,6.127,-10.272,-17.318,-0.331,0.042,0.387,30.535,7.643,-1.735
0.092 sec,-266.452,1051.861,3.032,26.905,12.28,227.679,4.5,1.057,1.683,22.265,7.388,5.414,19.486,34.322,103.744,76.583,-0.307,0.303,0.432,6.186,-10.359,-17.413,-0.331,0.042,0.387,30.636,7.598,-1.71
0.093 sec,-265.586,1048.605,7.244,26.666,11.792,227.325,4.498,1.058,1.711,22.276,7.43,5.535,19.587,34.391,100.993,64.511,-0.307,0.303,0.432,6.247,-10.445,-17.509,-0.331,0.042,0.387,30.732,7.548,-1.685
0.094 sec,-264.811,1045.034,11.683,26.412,11.225,226.908,4.492,1.058,1.74,22.261,7.462,5.662,19.69,34.451,97.957,52.526,-0.307,0.302,0.433,6.311,-10.531,-17.609,-0.331,0.042,0.387,30.825,7.492,-1.658
0.095 sec,-264.125,1041.516,15.869,26.164,10.642,226.465,4.482,1.055,1.767,22.222,7.48,5.78,19.783,34.497,94.954,41.893,-0.306,0.302,0.433,6.373,-10.609,-17.702,-0.331,0.042,0.387,30.906,7.434,-1.634
0.096 sec,-263.43,1037.345,20.625,25.867,9.94,225.907,4.467,1.05,1.799,22.153,7.489,5.914,19.888,34.538,91.354,30.398,-0.306,0.302,0.433,6.445,-10.694,-17.807,-0.331,0.042,0.387,30.991,7.365,-1.607
0.097 sec,-262.924,1033.797,24.423,25.621,9.348,225.408,4.451,1.044,1.823,22.078,7.486,6.02,19.969,34.561,88.338,21.799,-0.305,0.302,0.434,6.504,-10.76,-17.891,-0.331,0.041,0.387,31.054,7.306,-1.587
0.098 sec,-262.376,1029.533,28.746,25.33,8.639,224.784,4.43,1.036,1.852,21.976,7.473,6.138,20.058,34.579,84.761,12.579,-0.305,0.301,0.434,6.571,-10.832,-17.986,-0.331,0.041,0.387,31.12,7.235,-1.565
0.099 sec,-261.89,1025.101,32.957,25.033,7.916,224.111,4.407,1.026,1.879,21.856,7.45,6.254,20.143,34.587,81.072,4.078,-0.305,0.301,0.434,6.639,-10.901,-18.08,-0.331,0.041,0.387,31.182,7.162,-1.545
0.1 sec,-261.471,1020.484,37.099,24.729,7.175,223.387,4.381,1.015,1.906,21.724,7.419,6.366,20.224,34.587,77.304,-3.68,-0.304,0.301,0.435,6.708,-10.966,-18.172,-0.331,0.041,0.386,31.238,7.087,-1.527
0.101 sec,-261.108,1015.988,40.859,24.438,6.478,222.662,4.355,1.004,1.931,21.588,7.383,6.467,20.297,34.581,73.694,-10.338,-0.304,0.301,0.435,6.772,-11.024,-18.258,-0.331,0.042,0.386,31.287,7.015,-1.512
0.102 sec,-260.779,1011.48,44.386,24.148,5.799,221.917,4.328,0.992,1.954,21.449,7.341,6.561,20.363,34.568,70.131,-16.208,-0.304,0.301,0.435,6.834,-11.077,-18.339,-0.331,0.042,0.386,31.331,6.944,-1.5
0.103 sec,-260.427,1006.142,48.29,23.81,5.022,221.012,4.297,0.977,1.98,21.281,7.287,6.665,20.436,34.548,65.98,-22.296,-0.303,0.301,0.436,6.905,-11.136,-18.431,-0.331,0.042,0.386,31.378,6.861,-1.489
0.104 sec,-260.11,1000.849,51.856,23.478,4.285,220.093,4.265,0.962,2.003,21.113,7.229,6.761,20.501,34.522,61.925,-27.521,-0.303,0.3,0.436,6.974,-11.189,-18.519,-0.331,0.042,0.386,31.421,6.779,-1.48
0.105 sec,-259.842,995.818,55.035,23.166,3.607,219.202,4.235,0.947,2.025,20.953,7.17,6.845,20.558,34.494,58.134,-31.835,-0.302,0.3,0.436,7.038,-11.235,-18.599,-0.331,0.042,0.386,31.458,6.703,-1.475
0.106 sec,-259.567,990.551,58.093,22.844,2.931,218.251,4.205,0.931,2.045,20.787,7.106,6.927,20.612,34.462,54.235,-35.719,-0.302,0.3,0.437,7.103,-11.281,-18.679,-0.331,0.042,0.386,31.495,6.624,-1.473
0.107 sec,-259.28,984.778,61.149,22.496,2.231,217.192,4.172,0.914,2.066,20.609,7.033,7.009,20.666,34.423,50.039,-39.355,-0.302,0.3,0.437,7.173,-11.326,-18.764,-0.331,0.042,0.386,31.532,6.54,-1.473
0.108 sec,-259.035,979.455,63.734,22.179,1.618,216.2,4.142,0.898,2.084,20.447,6.965,7.079,20.711,34.385,46.25,-42.19,-0.301,0.3,0.437,7.235,-11.366,-18.84,-0.331,0.042,0.386,31.564,6.463,-1.476
0.109 sec,-258.792,973.793,66.233,21.847,1.001,215.131,4.111,0.881,2.102,20.281,6.892,7.147,20.753,34.343,42.308,-44.702,-0.301,0.3,0.437,7.3,-11.404,-18.917,-0.331,0.042,0.386,31.597,6.384,-1.481
0.11 sec,-258.517,967.322,68.773,21.473,0.345,213.892,4.077,0.862,2.12,20.096,6.807,7.218,20.797,34.293,37.889,-47.067,-0.301,0.3,0.438,7.373,-11.445,-19.002,-0.331,0.042,0.386,31.634,6.294,-1.491
0.111 sec,-258.28,961.403,70.805,21.139,-0.207,212.743,4.048,0.845,2.135,19.934,6.73,7.277,20.831,34.247,33.998,-48.78,-0.3,0.3,0.438,7.437,-11.48,-19.077,-0.331,0.042,0.386,31.666,6.215,-1.503
0.112 sec,-258,953.827,72.754,20.743,-0.783,211.234,4.015,0.826,2.151,19.754,6.64,7.338,20.867,34.192,29.644,-50.354,-0.3,0.3,0.438,7.51,-11.517,-19.161,-0.331,0.042,0.386,31.702,6.124,-1.52
0.113 sec,-257.705,947.237,74.173,20.407,-1.236,209.902,3.988,0.809,2.164,19.606,6.564,7.385,20.892,34.145,26.037,-51.374,-0.3,0.3,0.439,7.572,-11.547,-19.231,-0.331,0.042,0.386,31.733,6.049,-1.537
0.114 sec,-257.358,939.837,75.471,20.036,-1.694,208.394,3.959,0.791,2.177,19.445,6.477,7.432,20.917,34.091,22.079,-52.229,-0.299,0.3,0.439,7.64,-11.578,-19.307,-0.331,0.042,0.386,31.768,5.964,-1.559
0.115 sec,-257.017,932.507,76.57,19.676,-2.116,206.889,3.931,0.773,2.188,19.293,6.393,7.474,20.938,34.037,18.272,-52.797,-0.299,0.3,0.439,7.707,-11.607,-19.381,-0.33,0.042,0.386,31.803,5.882,-1.584
0.116 sec,-256.696,925.894,77.343,19.355,-2.458,205.523,3.907,0.757,2.197,19.161,6.316,7.508,20.953,33.989,14.913,-53.117,-0.299,0.3,0.439,7.767,-11.632,-19.446,-0.33,0.042,0.386,31.835,5.809,-1.609
0.117 sec,-256.351,919.015,77.975,19.028,-2.782,204.094,3.883,0.741,2.206,19.03,6.237,7.538,20.966,33.938,11.512,-53.273,-0.298,0.3,0.44,7.828,-11.657,-19.512,-0.33,0.043,0.386,31.868,5.734,-1.637
0.118 sec,-255.966,911.697,78.492,18.687,-3.097,202.566,3.859,0.724,2.214,18.897,6.154,7.567,20.976,33.885,8.003,-53.276,-0.298,0.3,0.44,7.893,-11.682,-19.581,-0.33,0.043,0.386,31.905,5.655,-1.669
0.119 sec,-255.531,904.022,78.799,18.335,-3.383,200.955,3.835,0.706,2.221,18.764,6.067,7.592,20.982,33.828,4.43,-53.135,-0.297,0.3,0.44,7.961,-11.706,-19.652,-0.33,0.043,0.386,31.944,5.573,-1.706
0.12 sec,-255.11,896.552,78.974,18.002,-3.636,199.379,3.813,0.689,2.227,18.641,5.984,7.612,20.985,33.774,1.067,-52.881,-0.297,0.3,0.441,8.026,-11.729,-19.72,-0.33,0.043,0.386,31.983,5.495,-1.744
0.121 sec,-254.661,889.276,78.981,17.685,-3.847,197.837,3.793,0.673,2.232,18.528,5.903,7.628,20.984,33.721,-2.091,-52.543,-0.297,0.3,0.441,8.089,-11.751,-19.785,-0.33,0.043,0.386,32.021,5.419,-1.783
0.122 sec,-254.164,881.82,78.844,17.367,-4.034,196.251,3.773,0.657,2.235,18.419,5.822,7.64,20.981,33.668,-5.207,-52.129,-0.296,0.3,0.441,8.154,-11.771,-19.849,-0.33,0.043,0.386,32.062,5.342,-1.826
0.123 sec,-253.667,874.521,78.564,17.063,-4.185,194.693,3.755,0.642,2.238,18.317,5.743,7.649,20.974,33.616,-8.142,-51.676,-0.296,0.3,0.442,8.216,-11.791,-19.911,-0.33,0.043,0.386,32.103,5.268,-1.869
0.124 sec,-253.172,867.213,78.227,16.767,-4.32,193.125,3.738,0.626,2.24,18.221,5.665,7.654,20.964,33.565,-10.973,-51.188,-0.296,0.3,0.442,8.279,-11.81,-19.972,-0.33,0.043,0.386,32.145,5.194,-1.915
0.125 sec,-252.595,859.891,77.779,16.478,-4.43,191.546,3.722,0.612,2.241,18.131,5.588,7.656,20.952,33.514,-13.682,-50.684,-0.295,0.3,0.442,8.342,-11.828,-20.032,-0.33,0.044,0.386,32.188,5.121,-1.963
0.126 sec,-251.997,852.626,77.204,16.198,-4.512,189.975,3.708,0.597,2.242,18.046,5.512,7.654,20.937,33.463,-16.255,-50.184,-0.295,0.3,0.443,8.404,-11.845,-20.09,-0.33,0.044,0.386,32.232,5.05,-2.012
0.127 sec,-251.376,845.294,76.516,15.921,-4.568,188.386,3.693,0.583,2.241,17.966,5.437,7.65,20.919,33.413,-18.738,-49.689,-0.295,0.3,0.443,8.467,-11.862,-20.148,-0.33,0.044,0.386,32.277,4.978,-2.063
0.128 sec,-250.749,838.159,75.79,15.656,-4.605,186.837,3.681,0.569,2.24,17.892,5.364,7.643,20.9,33.364,-21.035,-49.229,-0.295,0.3,0.443,8.528,-11.878,-20.202,-0.33,0.044,0.386,32.322,4.909,-2.114
0.129 sec,-250.091,831.01,74.946,15.396,-4.615,185.281,3.668,0.555,2.238,17.822,5.292,7.634,20.878,33.316,-23.228,-48.802,-0.294,0.3,0.443,8.589,-11.894,-20.256,-0.33,0.044,0.386,32.368,4.839,-2.167
0.13 sec,-249.412,823.787,74.053,15.138,-4.613,183.707,3.657,0.542,2.235,17.755,5.22,7.622,20.854,33.267,-25.327,-48.41,-0.294,0.3,0.444,8.651,-11.909,-20.31,-0.33,0.044,0.386,32.415,4.77,-2.221
0.131 sec,-248.714,816.617,73.083,14.888,-4.588,182.14,3.646,0.529,2.232,17.693,5.148,7.608,20.827,33.218,-27.299,-48.072,-0.294,0.3,0.444,8.712,-11.924,-20.362,-0.33,0.044,0.386,32.463,4.701,-2.277
0.132 sec,-247.988,809.474,72.113,14.644,-4.559,180.575,3.636,0.516,2.228,17.633,5.078,7.591,20.799,33.17,-29.141,-47.788,-0.293,0.3,0.444,8.774,-11.938,-20.413,-0.329,0.045,0.386,32.511,4.634,-2.334
0.133 sec,-247.199,802.177,71.012,14.401,-4.504,178.974,3.626,0.503,2.224,17.576,5.007,7.573,20.768,33.121,-30.912,-47.565,-0.293,0.3,0.445,8.837,-11.952,-20.464,-0.329,0.045,0.386,32.562,4.564,-2.393
0.134 sec,-246.415,795.027,69.954,14.167,-4.452,177.404,3.617,0.49,2.219,17.522,4.937,7.552,20.736,33.073,-32.529,-47.413,-0.293,0.3,0.445,8.899,-11.966,-20.513,-0.329,0.045,0.386,32.612,4.497,-2.451
0.135 sec,-245.705,788.671,68.949,13.963,-4.389,176.003,3.61,0.479,2.214,17.476,4.875,7.532,20.705,33.03,-33.881,-47.339,-0.292,0.3,0.445,8.955,-11.978,-20.557,-0.329,0.045,0.386,32.657,4.436,-2.504
0.136 sec,-244.9,781.787,67.846,13.747,-4.314,174.485,3.602,0.467,2.209,17.428,4.808,7.51,20.671,32.983,-35.237,-47.324,-0.292,0.3,0.446,9.016,-11.991,-20.602,-0.329,0.045,0.386,32.707,4.371,-2.563
0.137 sec,-244.065,774.838,66.74,13.532,-4.237,172.952,3.594,0.455,2.203,17.381,4.741,7.485,20.635,32.935,-36.496,-47.375,-0.292,0.301,0.446,9.078,-12.003,-20.648,-0.329,0.045,0.386,32.757,4.305,-2.622
0.138 sec,-243.174,767.645,65.545,13.315,-4.143,171.364,3.586,0.443,2.196,17.333,4.671,7.458,20.596,32.885,-37.691,-47.504,-0.292,0.301,0.446,9.143,-12.016,-20.694,-0.329,0.045,0.386,32.81,4.237,-2.685
0.139 sec,-242.277,760.565,64.401,13.104,-4.056,169.801,3.579,0.431,2.19,17.287,4.603,7.43,20.556,32.836,-38.755,-47.699,-0.291,0.301,0.447,9.207,-12.029,-20.738,-0.329,0.046,0.386,32.862,4.17,-2.746
0.14 sec,-241.476,754.386,63.363,12.923,-3.969,168.435,3.573,0.42,2.183,17.247,4.543,7.404,20.52,32.792,-39.6,-47.934,-0.291,0.301,0.447,9.264,-12.039,-20.777,-0.329,0.046,0.386,32.909,4.111,-2.801
0.141 sec,-240.609,747.97,62.297,12.735,-3.879,167.012,3.566,0.409,2.176,17.205,4.48,7.376,20.481,32.745,-40.381,-48.242,-0.291,0.301,0.447,9.323,-12.05,-20.816,-0.329,0.046,0.386,32.957,4.05,-2.859
0.142 sec,-239.735,741.776,61.287,12.554,-3.795,165.636,3.56,0.398,2.17,17.165,4.419,7.348,20.443,32.699,-41.052,-48.594,-0.29,0.301,0.448,9.382,-12.06,-20.854,-0.329,0.046,0.386,33.005,3.99,-2.915
0.143 sec,-238.724,734.932,60.127,12.358,-3.693,164.116,3.552,0.387,2.162,17.12,4.351,7.317,20.399,32.648,-41.701,-49.055,-0.29,0.301,0.448,9.448,-12.071,-20.895,-0.329,0.046,0.386,33.057,3.923,-2.977
0.144 sec,-237.722,728.339,59.03,12.17,-3.601,162.651,3.545,0.375,2.154,17.075,4.285,7.285,20.355,32.596,-42.239,-49.556,-0.29,0.301,0.448,9.512,-12.081,-20.933,-0.329,0.046,0.386,33.109,3.859,-3.038
0.145 sec,-236.706,721.815,57.982,11.987,-3.519,161.198,3.538,0.364,2.146,17.029,4.218,7.252,20.311,32.544,-42.685,-50.109,-0.29,0.301,0.449,9.577,-12.091,-20.971,-0.328,0.046,0.386,33.16,3.794,-3.099
0.146 sec,-235.73,715.848,57.024,11.821,-3.445,159.865,3.531,0.353,2.139,16.986,4.156,7.221,20.269,32.495,-43.012,-50.664,-0.289,0.301,0.449,9.639,-12.1,-21.006,-0.328,0.047,0.386,33.207,3.734,-3.156
0.147 sec,-234.743,710.096,56.112,11.663,-3.379,158.581,3.525,0.342,2.131,16.943,4.095,7.19,20.227,32.446,-43.26,-51.235,-0.289,0.301,0.449,9.699,-12.109,-21.039,-0.328,0.047,0.386,33.253,3.676,-3.211
0.148 sec,-233.614,703.726,55.145,11.49,-3.319,157.158,3.517,0.331,2.123,16.893,4.027,7.156,20.18,32.39,-43.465,-51.903,-0.289,0.301,0.45,9.767,-12.117,-21.075,-0.328,0.047,0.386,33.304,3.61,-3.272
0.149 sec,-233.066,697.96,54.313,11.332,-3.274,155.861,3.509,0.32,2.115,16.844,3.963,7.122,20.135,32.336,-43.593,-52.54,-0.289,0.302,0.45,9.831,-12.125,-21.108,-0.328,0.047,0.386,33.352,3.549,-3.33
0.15 sec,-235.094,696.289,54.315,11.274,-3.295,155.448,3.506,0.315,2.112,16.825,3.937,7.109,20.118,32.315,-43.629,-52.693,-0.289,0.302,0.45,9.857,-12.128,-21.121,-0.328,0.047,0.386,33.37,3.525,-3.352
