time,Fx,Fy,Fz,Mx,My,Mz,ankle_bushing_r_MX,ankle_bushing_r_MY,ankle_bushing_r_MZ,brace_bushing_r_MX,brace_bushing_r_MY,brace_bushing_r_MZ,ankle_angle_r_q,subtalar_angle_r_q,ankle_angle_r_u,subtalar_angle_r_u,tibia_r_X,tibia_r_Y,tibia_r_Z,tibia_r_Ox,tibia_r_Oy,tibia_r_Oz,calcn_r_X,calcn_r_Y,calcn_r_Z,calcn_r_Ox,calcn_r_Oy,calcn_r_Oz,talus_r_X,talus_r_Y,talus_r_Z,talus_r_Ox,talus_r_Oy,talus_r_Oz
0 sec,-4014.914,6849.068,219.331,164.217,25.733,918.364,-0.094,0.423,-4.323,-0,-0,-0,-33.687,-5.699,1189.548,80.278,-0.354,0.402,0.384,3.278,-0.339,2.129,-0.304,0.102,0.373,2.473,3.699,-29.977,-0.344,0.139,0.369,8.102,4.39,-31.065
0.001 sec,-182.396,590.032,94.889,10.963,-14.782,87.557,-0.142,0.369,-3.755,-0,-0,-0,-31.903,-5.558,1470.501,127.638,-0.354,0.399,0.384,3.286,-0.073,1.637,-0.305,0.1,0.372,2.358,3.65,-28.747,-0.347,0.137,0.369,7.832,4.443,-29.806
0.002 sec,-92.774,489.074,72.101,10.065,-13.048,79.268,-0.173,0.334,-3.368,-0,-0,-0,-30.542,-5.437,1455.362,130.809,-0.354,0.397,0.383,3.293,0.115,1.268,-0.307,0.098,0.372,2.286,3.601,-27.805,-0.349,0.135,0.368,7.627,4.465,-28.839
0.003 sec,-73.514,468.874,64.183,10.273,-12.199,78.504,-0.201,0.3,-2.995,-0,-0,-0,-29.081,-5.304,1421.082,131.649,-0.355,0.395,0.383,3.303,0.31,0.876,-0.308,0.097,0.372,2.217,3.543,-26.788,-0.351,0.132,0.368,7.411,4.479,-27.794
0.004 sec,-78.061,473.935,62.423,10.717,-11.837,80.039,-0.225,0.27,-2.662,-0,-0,-0,-27.62,-5.166,1383.203,132.912,-0.355,0.393,0.383,3.315,0.498,0.492,-0.309,0.095,0.372,2.157,3.481,-25.767,-0.353,0.13,0.368,7.198,4.484,-26.743
0.005 sec,-90.759,486.192,62.946,11.197,-11.676,82.104,-0.245,0.245,-2.378,-0,-0,-0,-26.221,-5.029,1348.266,135.448,-0.355,0.39,0.383,3.329,0.67,0.13,-0.311,0.094,0.372,2.108,3.416,-24.782,-0.355,0.128,0.368,6.998,4.478,-25.727
0.006 sec,-102.662,496.261,63.51,11.586,-11.527,83.822,-0.259,0.224,-2.148,-0,-0,-0,-24.957,-4.899,1318.853,138.703,-0.355,0.388,0.383,3.345,0.818,-0.191,-0.312,0.093,0.372,2.074,3.354,-23.886,-0.356,0.126,0.368,6.82,4.464,-24.803
0.007 sec,-112.985,504.281,63.642,11.942,-11.335,85.372,-0.271,0.205,-1.94,-0,-0,-0,-23.68,-4.761,1291.308,142.731,-0.356,0.386,0.383,3.363,0.959,-0.508,-0.313,0.091,0.372,2.05,3.286,-22.976,-0.358,0.124,0.367,6.644,4.439,-23.862
0.008 sec,-121.716,511.369,63.205,12.316,-11.087,87.04,-0.281,0.186,-1.738,-0,-0,-0,-22.277,-4.602,1263.199,147.803,-0.356,0.384,0.383,3.385,1.104,-0.849,-0.314,0.09,0.372,2.035,3.206,-21.969,-0.36,0.121,0.367,6.454,4.399,-22.819
0.009 sec,-127.561,519.847,62.466,12.739,-10.883,89.164,-0.287,0.17,-1.575,-0,-0,-0,-21.011,-4.45,1238.912,152.736,-0.356,0.382,0.383,3.407,1.226,-1.148,-0.316,0.088,0.371,2.033,3.129,-21.054,-0.361,0.119,0.367,6.287,4.352,-21.87
0.01 sec,-132.072,531.833,61.874,13.246,-10.776,92.054,-0.291,0.156,-1.442,-0,-0,-0,-19.844,-4.302,1216.898,157.516,-0.356,0.38,0.382,3.431,1.329,-1.417,-0.317,0.087,0.371,2.042,3.054,-20.204,-0.363,0.117,0.367,6.136,4.298,-20.987
0.011 sec,-136.433,547.879,61.447,13.86,-10.741,95.816,-0.292,0.143,-1.318,-0,-0,-0,-18.65,-4.144,1194.654,162.562,-0.357,0.377,0.382,3.456,1.427,-1.686,-0.318,0.085,0.371,2.06,2.974,-19.33,-0.364,0.115,0.367,5.984,4.233,-20.078
0.012 sec,-140.351,565.812,61.299,14.495,-10.786,99.955,-0.291,0.132,-1.217,-0,-0,-0,-17.56,-3.992,1174.584,167.317,-0.357,0.375,0.382,3.481,1.509,-1.925,-0.319,0.084,0.371,2.087,2.897,-18.526,-0.366,0.113,0.367,5.849,4.165,-19.241
0.013 sec,-144.427,587.913,61.25,15.244,-10.884,105.015,-0.288,0.121,-1.119,-0,-0,-0,-16.397,-3.822,1153.473,172.472,-0.357,0.373,0.382,3.51,1.588,-2.173,-0.32,0.082,0.371,2.126,2.813,-17.663,-0.367,0.111,0.366,5.708,4.082,-18.341
0.014 sec,-148.903,614.677,61.628,16.123,-11.103,111.015,-0.283,0.109,-1.025,-0,-0,-0,-15.176,-3.635,1131.864,178.122,-0.358,0.371,0.382,3.543,1.663,-2.426,-0.321,0.081,0.371,2.177,2.722,-16.75,-0.369,0.108,0.366,5.563,3.984,-17.388
0.015 sec,-152.77,638.556,62.389,16.882,-11.392,116.216,-0.277,0.101,-0.957,-0,-0,-0,-14.22,-3.481,1115.568,182.799,-0.358,0.369,0.382,3.569,1.714,-2.618,-0.321,0.08,0.371,2.226,2.649,-16.031,-0.37,0.107,0.366,5.453,3.899,-16.636
0.016 sec,-159.409,676.183,63.745,18.027,-11.876,124.136,-0.267,0.089,-0.87,-0,-0,-0,-12.894,-3.258,1094.118,189.597,-0.358,0.366,0.382,3.609,1.777,-2.876,-0.323,0.078,0.371,2.306,2.547,-15.026,-0.371,0.104,0.366,5.304,3.77,-15.585
0.017 sec,-164.052,709.827,65.201,19.012,-12.415,131.108,-0.256,0.08,-0.801,-0,-0,-0,-11.773,-3.059,1077.433,195.675,-0.358,0.364,0.382,3.644,1.821,-3.087,-0.323,0.076,0.371,2.384,2.46,-14.17,-0.373,0.102,0.366,5.181,3.651,-14.69
0.018 sec,-168.295,744.655,66.453,20.022,-12.943,138.324,-0.244,0.071,-0.735,-0,-0,-0,-10.654,-2.851,1061.302,201.67,-0.359,0.361,0.382,3.681,1.858,-3.29,-0.324,0.075,0.371,2.473,2.372,-13.31,-0.374,0.099,0.366,5.062,3.523,-13.788
0.019 sec,-172.049,777.017,67.219,20.916,-13.364,145.015,-0.231,0.064,-0.677,-0,-0,-0,-9.649,-2.656,1047.278,206.876,-0.359,0.359,0.382,3.715,1.884,-3.467,-0.325,0.073,0.371,2.561,2.294,-12.532,-0.375,0.097,0.365,4.958,3.399,-12.972
0.02 sec,-174.994,809.15,68.272,21.798,-13.867,151.58,-0.218,0.056,-0.622,-0,-0,-0,-8.694,-2.464,1034.278,211.694,-0.359,0.357,0.382,3.749,1.904,-3.629,-0.326,0.072,0.37,2.652,2.221,-11.788,-0.376,0.095,0.365,4.862,3.275,-12.192
0.021 sec,-178.625,848.344,69.465,22.871,-14.46,159.421,-0.201,0.048,-0.557,-0,-0,-0,-7.585,-2.233,1019.613,217.165,-0.36,0.355,0.382,3.79,1.92,-3.812,-0.327,0.07,0.37,2.766,2.136,-10.919,-0.377,0.093,0.365,4.753,3.123,-11.281
0.022 sec,-182.815,887.318,70.936,23.885,-15.101,166.924,-0.185,0.041,-0.497,-0,-0,-0,-6.578,-2.014,1007.106,222.238,-0.36,0.353,0.382,3.828,1.928,-3.971,-0.327,0.069,0.37,2.878,2.061,-10.125,-0.378,0.091,0.365,4.657,2.976,-10.447
0.023 sec,-185.528,925.931,71.952,24.897,-15.695,174.343,-0.167,0.033,-0.433,-0,-0,0,-5.561,-1.786,994.841,227.167,-0.36,0.35,0.382,3.868,1.93,-4.127,-0.328,0.067,0.37,2.998,1.987,-9.32,-0.379,0.089,0.365,4.564,2.821,-9.601
0.024 sec,-187.83,961.572,73.116,25.832,-16.314,181.075,-0.15,0.026,-0.373,-0,-0,0,-4.648,-1.574,983.943,231.541,-0.361,0.348,0.382,3.905,1.927,-4.262,-0.329,0.066,0.37,3.112,1.921,-8.591,-0.38,0.087,0.365,4.482,2.674,-8.836
0.025 sec,-190.08,1000.573,74.175,26.843,-16.953,188.438,-0.131,0.019,-0.302,-0,-0,0,-3.65,-1.336,971.898,236.103,-0.361,0.346,0.382,3.946,1.917,-4.405,-0.329,0.064,0.37,3.243,1.851,-7.791,-0.381,0.084,0.365,4.396,2.507,-7.996
0.026 sec,-192.686,1039.944,75.847,27.854,-17.729,195.642,-0.112,0.011,-0.229,-0,-0,0,-2.681,-1.097,960.475,240.552,-0.361,0.344,0.382,3.987,1.902,-4.539,-0.33,0.063,0.37,3.376,1.785,-7.01,-0.382,0.082,0.364,4.315,2.337,-7.177
0.027 sec,-194.885,1077.864,77.215,28.802,-18.399,202.52,-0.092,0.004,-0.154,-0,-0,0,-1.753,-0.861,949.439,244.423,-0.361,0.341,0.382,4.028,1.881,-4.663,-0.331,0.061,0.37,3.509,1.724,-6.258,-0.383,0.08,0.364,4.241,2.167,-6.387
0.028 sec,-199.706,1122.236,78.734,29.833,-19.161,209.912,-0.073,-0.004,-0.076,-0,-0,0,-0.864,-0.629,940.064,248.431,-0.362,0.339,0.382,4.069,1.856,-4.779,-0.331,0.06,0.37,3.642,1.667,-5.535,-0.383,0.078,0.364,4.173,1.997,-5.628
0.029 sec,-203.703,1175.279,79.368,30.991,-19.988,217.959,-0.052,-0.012,0.014,-0,-0,0,0.085,-0.375,932.043,253.057,-0.362,0.337,0.382,4.113,1.823,-4.898,-0.332,0.059,0.37,3.79,1.608,-4.76,-0.384,0.076,0.364,4.103,1.809,-4.815
0.03 sec,-190.767,1368.332,32.921,37.162,-25.203,229.932,-0.03,-0.021,0.117,-0,-0,-0,1.077,-0.102,923.314,259.086,-0.362,0.335,0.382,4.161,1.781,-5.02,-0.332,0.057,0.369,3.949,1.548,-3.947,-0.385,0.074,0.364,4.034,1.603,-3.962
0.031 sec,-74.166,2409.393,-204.5,70.633,-61.428,271.643,-0.008,-0.031,0.22,-0,-0,-0,1.99,0.16,898.18,261.418,-0.362,0.333,0.382,4.212,1.717,-5.132,-0.333,0.056,0.369,4.11,1.477,-3.2,-0.386,0.071,0.364,3.979,1.387,-3.178
0.032 sec,210.245,4348.809,-27.542,124.066,-128.919,355.375,0.013,-0.041,0.333,-0,-0,-0,2.924,0.431,839.172,241.858,-0.362,0.33,0.382,4.295,1.55,-5.264,-0.333,0.054,0.369,4.305,1.31,-2.452,-0.387,0.069,0.363,3.955,1.063,-2.393
0.033 sec,515.875,5582.504,1132.457,148.267,-158.75,417.589,0.031,-0.05,0.432,-0,-0,-0,3.678,0.67,790.094,292.272,-0.362,0.329,0.382,4.394,1.295,-5.4,-0.334,0.053,0.369,4.509,1.069,-1.881,-0.387,0.068,0.362,3.969,0.681,-1.792
0.034 sec,733.681,6885.39,1424.136,174.745,-188.445,474.786,0.06,-0.057,0.536,-0,-0,-0,4.43,1.021,726.166,420.868,-0.362,0.327,0.382,4.495,0.98,-5.579,-0.334,0.052,0.368,4.802,0.837,-1.367,-0.388,0.066,0.362,3.985,0.238,-1.236
0.035 sec,712.972,6901.282,1398.992,168.165,-181.345,480.323,0.102,-0.061,0.631,-0,-0,-0,5.104,1.491,662.237,542.549,-0.361,0.326,0.382,4.582,0.641,-5.796,-0.335,0.051,0.368,5.183,0.669,-0.981,-0.388,0.065,0.362,3.996,-0.215,-0.796
0.036 sec,541.531,5931.492,1150.826,137.512,-145.583,442.622,0.156,-0.063,0.722,-0,-0,-0,5.736,2.085,601.34,635.976,-0.361,0.325,0.383,4.659,0.268,-6.066,-0.335,0.05,0.368,5.655,0.55,-0.701,-0.388,0.064,0.361,4.001,-0.694,-0.452
0.037 sec,297.741,4523.739,809.974,98.757,-99.812,385.56,0.216,-0.064,0.809,-0,-0,-0,6.329,2.774,544.682,689.678,-0.359,0.324,0.383,4.727,-0.128,-6.385,-0.335,0.05,0.368,6.194,0.475,-0.518,-0.388,0.063,0.362,4,-1.189,-0.197
0.038 sec,71.754,3249.969,504.311,65.872,-60.326,333.561,0.276,-0.066,0.887,-0,-0,-0,6.858,3.487,496.461,704.938,-0.358,0.323,0.384,4.784,-0.515,-6.726,-0.335,0.049,0.368,6.748,0.435,-0.418,-0.389,0.063,0.362,3.995,-1.664,-0.026
0.039 sec,-98.949,2326.019,280.253,42.8,-31.922,295.896,0.333,-0.068,0.959,-0,-0,-0,7.34,4.197,456.086,694.155,-0.356,0.323,0.385,4.835,-0.887,-7.078,-0.335,0.049,0.369,7.298,0.416,-0.372,-0.389,0.063,0.362,3.988,-2.114,0.086
0.04 sec,-209.952,1765.755,144.39,29.485,-14.863,273.138,0.384,-0.071,1.023,-0,-0,-0,7.766,4.86,423.63,670.053,-0.355,0.322,0.386,4.879,-1.227,-7.42,-0.335,0.049,0.369,7.811,0.41,-0.362,-0.389,0.062,0.363,3.98,-2.523,0.155
0.041 sec,-278.53,1463.058,75.861,23.238,-6.469,260.854,0.433,-0.075,1.084,-0,-0,-0,8.175,5.514,395.187,640.414,-0.353,0.322,0.386,4.922,-1.555,-7.768,-0.335,0.049,0.369,8.317,0.413,-0.373,-0.389,0.062,0.363,3.971,-2.917,0.199
0.042 sec,-320.17,1304.712,42.812,20.527,-2.528,254.465,0.479,-0.08,1.144,-0,-0,-0,8.566,6.154,369.887,609.509,-0.351,0.322,0.387,4.963,-1.871,-8.119,-0.335,0.048,0.37,8.813,0.421,-0.4,-0.389,0.062,0.364,3.963,-3.295,0.223
0.043 sec,-345.909,1217.705,27.067,19.296,-0.58,250.808,0.523,-0.086,1.2,-0,-0,-0,8.932,6.761,347.881,579.81,-0.35,0.321,0.388,5.002,-2.165,-8.461,-0.335,0.048,0.37,9.285,0.436,-0.437,-0.388,0.062,0.364,3.954,-3.646,0.232
0.044 sec,-361.259,1170.648,19.618,18.813,0.49,248.676,0.562,-0.093,1.252,-0,-0,-0,9.27,7.327,328.812,552.464,-0.348,0.321,0.389,5.038,-2.433,-8.788,-0.335,0.048,0.371,9.725,0.455,-0.481,-0.388,0.062,0.365,3.946,-3.967,0.229
0.045 sec,-370.504,1143.585,16.016,18.647,1.079,247.224,0.599,-0.1,1.3,-0,-0,-0,9.576,7.842,312.518,528.16,-0.347,0.321,0.39,5.071,-2.672,-9.091,-0.335,0.048,0.371,10.126,0.477,-0.528,-0.388,0.062,0.365,3.938,-4.254,0.218
0.046 sec,-375.701,1128.495,13.981,18.677,1.395,246.171,0.633,-0.106,1.345,-0,-0,-0,9.864,8.33,298.041,505.874,-0.345,0.321,0.391,5.102,-2.892,-9.383,-0.335,0.048,0.371,10.506,0.503,-0.577,-0.388,0.062,0.365,3.931,-4.518,0.201
0.047 sec,-378.623,1118.051,12.196,18.803,1.672,245.219,0.668,-0.114,1.392,-0,-0,-0,10.158,8.83,284.062,483.734,-0.344,0.32,0.391,5.133,-3.112,-9.686,-0.335,0.048,0.372,10.896,0.535,-0.632,-0.388,0.062,0.366,3.922,-4.784,0.178
0.048 sec,-380.033,1110.818,10.677,18.974,1.838,244.326,0.701,-0.122,1.436,-0,-0,-0,10.439,9.309,271.528,463.267,-0.343,0.32,0.392,5.163,-3.317,-9.979,-0.335,0.048,0.372,11.27,0.571,-0.689,-0.388,0.062,0.366,3.914,-5.031,0.152
0.049 sec,-380.151,1106.183,8.872,19.188,2.008,243.528,0.734,-0.129,1.479,-0,-0,-0,10.708,9.767,260.266,444.269,-0.341,0.32,0.393,5.192,-3.509,-10.264,-0.334,0.048,0.372,11.628,0.611,-0.746,-0.388,0.062,0.367,3.905,-5.263,0.123
0.05 sec,-379.484,1102.275,7.547,19.421,2.091,242.721,0.765,-0.137,1.52,-0,-0,-0,10.966,10.207,250.159,426.604,-0.34,0.32,0.394,5.219,-3.687,-10.539,-0.334,0.048,0.373,11.973,0.653,-0.803,-0.388,0.062,0.367,3.896,-5.48,0.093
0.051 sec,-378.245,1099.162,6.347,19.674,2.169,241.973,0.796,-0.145,1.56,-0,-0,-0,11.214,10.63,241.072,410.108,-0.339,0.319,0.395,5.246,-3.855,-10.805,-0.334,0.048,0.373,12.304,0.697,-0.859,-0.388,0.062,0.368,3.888,-5.685,0.063
0.052 sec,-376.789,1097.028,5.367,19.891,2.203,241.312,0.826,-0.152,1.599,-0,-0,-0,11.453,11.037,233.002,394.616,-0.337,0.319,0.395,5.271,-4.012,-11.063,-0.334,0.048,0.373,12.622,0.743,-0.913,-0.388,0.063,0.368,3.88,-5.877,0.033
0.053 sec,-374.663,1095.568,4.237,20.104,2.281,240.693,0.855,-0.16,1.637,-0,-0,-0,11.686,11.43,225.745,379.902,-0.336,0.319,0.396,5.297,-4.161,-11.313,-0.334,0.048,0.374,12.931,0.79,-0.964,-0.388,0.063,0.369,3.872,-6.061,0.004
0.054 sec,-372.318,1094.595,3.648,20.319,2.263,240.141,0.883,-0.167,1.673,-0,-0,-0,11.905,11.796,219.406,366.473,-0.335,0.319,0.397,5.321,-4.297,-11.546,-0.334,0.048,0.374,13.219,0.836,-1.012,-0.388,0.063,0.369,3.865,-6.229,-0.022
0.055 sec,-369.841,1094.145,3.387,20.544,2.197,239.668,0.909,-0.174,1.707,-0,-0,-0,12.113,12.143,213.735,353.947,-0.334,0.318,0.398,5.345,-4.424,-11.768,-0.334,0.048,0.374,13.492,0.882,-1.056,-0.387,0.063,0.37,3.859,-6.386,-0.046
0.056 sec,-366.796,1095.89,3.121,20.824,2.063,239.328,0.937,-0.181,1.744,-0,-0,-0,12.33,12.499,208.211,341.277,-0.333,0.318,0.398,5.37,-4.552,-11.997,-0.334,0.048,0.375,13.773,0.931,-1.099,-0.387,0.063,0.37,3.853,-6.546,-0.07
0.057 sec,-363.358,1099.129,3.171,21.125,1.823,239.091,0.964,-0.188,1.779,-0,-0,-0,12.54,12.843,203.12,329.183,-0.332,0.318,0.399,5.395,-4.675,-12.218,-0.334,0.047,0.375,14.045,0.978,-1.139,-0.387,0.063,0.37,3.848,-6.7,-0.091
0.058 sec,-359.286,1105.192,3.152,21.475,1.505,239.027,0.99,-0.195,1.815,-0,-0,-0,12.746,13.175,198.335,317.552,-0.331,0.318,0.4,5.421,-4.792,-12.431,-0.334,0.047,0.375,14.308,1.025,-1.176,-0.387,0.062,0.371,3.844,-6.847,-0.109
0.059 sec,-354.158,1116.258,3.083,21.932,1.001,239.209,1.015,-0.202,1.85,-0,-0,-0,12.947,13.494,193.715,306.281,-0.33,0.317,0.401,5.448,-4.906,-12.638,-0.334,0.047,0.376,14.562,1.07,-1.208,-0.387,0.062,0.371,3.841,-6.99,-0.126
0.06 sec,-349.075,1127.471,2.895,22.361,0.607,239.513,1.036,-0.208,1.879,-0,-0,-0,13.115,13.758,189.765,296.711,-0.329,0.317,0.401,5.471,-5,-12.809,-0.334,0.047,0.376,14.774,1.106,-1.234,-0.387,0.062,0.372,3.84,-7.109,-0.138
0.061 sec,-342.745,1144.041,1.401,22.956,0.457,240.24,1.06,-0.214,1.914,-0,-0,-0,13.31,14.06,184.993,285.159,-0.328,0.317,0.402,5.5,-5.11,-13.007,-0.333,0.047,0.376,15.017,1.146,-1.262,-0.387,0.062,0.372,3.84,-7.247,-0.151
0.062 sec,-336.016,1162.789,-0.007,23.608,0.414,241.201,1.082,-0.221,1.948,-0,-0,-0,13.495,14.345,180.09,273.29,-0.327,0.317,0.402,5.529,-5.217,-13.195,-0.333,0.047,0.377,15.249,1.18,-1.287,-0.387,0.062,0.372,3.842,-7.38,-0.164
0.063 sec,-329.681,1179.974,-0.172,24.198,0.339,242.114,1.102,-0.227,1.979,-0,-0,-0,13.665,14.6,175.305,261.757,-0.326,0.316,0.403,5.559,-5.315,-13.367,-0.333,0.047,0.377,15.459,1.207,-1.309,-0.387,0.062,0.373,3.846,-7.503,-0.175
0.064 sec,-323.104,1194.207,2.458,24.706,0.328,242.924,1.123,-0.234,2.013,-0,-0,-0,13.845,14.867,169.834,248.749,-0.325,0.316,0.404,5.593,-5.424,-13.55,-0.333,0.047,0.377,15.681,1.229,-1.331,-0.387,0.062,0.373,3.854,-7.637,-0.189
0.065 sec,-318.45,1196.92,10.409,24.862,0.472,243.158,1.139,-0.239,2.039,-0,-0,-0,13.984,15.068,165.473,238.712,-0.325,0.316,0.404,5.621,-5.509,-13.692,-0.333,0.047,0.377,15.852,1.242,-1.349,-0.387,0.062,0.373,3.862,-7.742,-0.2
0.066 sec,-314.446,1194.211,20.972,24.872,0.805,243.172,1.158,-0.246,2.074,-0,-0,-0,14.163,15.325,159.682,226.458,-0.324,0.316,0.405,5.661,-5.623,-13.877,-0.333,0.047,0.378,16.072,1.253,-1.371,-0.387,0.062,0.374,3.875,-7.881,-0.217
0.067 sec,-312.788,1184.15,27.784,24.686,1.13,241.779,1.175,-0.253,2.107,-0,-0,-0,14.328,15.556,154.649,215.919,-0.323,0.315,0.405,5.7,-5.728,-14.048,-0.333,0.047,0.378,16.274,1.259,-1.392,-0.387,0.062,0.374,3.889,-8.01,-0.233
0.068 sec,-311.33,1171.214,29.12,24.447,1.908,239.333,1.191,-0.259,2.137,-0,-0,-0,14.48,15.766,150.615,206.524,-0.322,0.315,0.406,5.738,-5.826,-14.208,-0.333,0.047,0.378,16.46,1.262,-1.411,-0.387,0.062,0.374,3.904,-8.129,-0.25
0.069 sec,-308.941,1168.392,32.064,24.407,2.175,239.499,1.207,-0.266,2.172,-0,-0,-0,14.648,15.996,145.373,196.641,-0.322,0.315,0.407,5.782,-5.935,-14.385,-0.333,0.047,0.378,16.665,1.264,-1.432,-0.387,0.062,0.374,3.922,-8.261,-0.269
0.07 sec,-307.76,1166.117,33.428,24.364,2.324,239.559,1.217,-0.271,2.193,-0,-0,-0,14.751,16.134,142.134,190.665,-0.321,0.315,0.407,5.81,-6.001,-14.493,-0.333,0.047,0.378,16.79,1.263,-1.446,-0.387,0.062,0.374,3.935,-8.341,-0.281
0.071 sec,-306.206,1162.13,34.872,24.28,2.57,239.617,1.232,-0.277,2.225,-0,-0,-0,14.907,16.342,137.148,181.582,-0.32,0.314,0.408,5.855,-6.101,-14.659,-0.333,0.047,0.378,16.979,1.262,-1.466,-0.386,0.062,0.375,3.955,-8.463,-0.301
0.072 sec,-304.977,1157.696,36.044,24.178,2.73,239.585,1.245,-0.284,2.255,-0,-0,-0,15.05,16.53,132.53,173.257,-0.32,0.314,0.408,5.897,-6.192,-14.813,-0.333,0.047,0.379,17.153,1.259,-1.486,-0.386,0.062,0.375,3.975,-8.574,-0.321
0.073 sec,-303.975,1153.052,36.864,24.067,2.883,239.519,1.258,-0.29,2.284,-0,-0,-0,15.185,16.706,128.09,165.3,-0.319,0.314,0.409,5.938,-6.278,-14.96,-0.333,0.047,0.379,17.318,1.256,-1.506,-0.386,0.062,0.375,3.995,-8.678,-0.341
0.074 sec,-303.14,1148.603,37.634,23.959,2.973,239.411,1.268,-0.296,2.31,-0,-0,-0,15.306,16.861,124.093,158.177,-0.318,0.314,0.409,5.977,-6.354,-15.092,-0.333,0.046,0.379,17.464,1.252,-1.524,-0.386,0.062,0.375,4.015,-8.771,-0.36
0.075 sec,-302.385,1143.801,38.389,23.84,3.028,239.252,1.278,-0.302,2.336,-0,-0,-0,15.425,17.011,120.107,151.12,-0.318,0.314,0.41,6.016,-6.429,-15.222,-0.333,0.046,0.379,17.609,1.247,-1.543,-0.386,0.062,0.375,4.035,-8.861,-0.38
0.076 sec,-301.685,1138.559,39.069,23.708,3.079,239.054,1.288,-0.308,2.363,-0,-0,-0,15.547,17.163,115.951,143.81,-0.317,0.313,0.41,6.059,-6.505,-15.358,-0.333,0.046,0.379,17.757,1.241,-1.563,-0.386,0.062,0.376,4.058,-8.954,-0.401
0.077 sec,-301.066,1132.978,39.848,23.564,3.071,238.793,1.297,-0.314,2.39,-0,-0,-0,15.665,17.309,111.855,136.666,-0.316,0.313,0.411,6.101,-6.578,-15.492,-0.333,0.046,0.379,17.902,1.234,-1.584,-0.386,0.062,0.376,4.082,-9.043,-0.424
0.078 sec,-300.588,1127.692,40.464,23.426,3.055,238.522,1.305,-0.319,2.413,-0,-0,-0,15.77,17.436,108.173,130.288,-0.316,0.313,0.411,6.141,-6.642,-15.611,-0.333,0.046,0.379,18.03,1.227,-1.604,-0.386,0.062,0.376,4.104,-9.121,-0.446
0.079 sec,-300.187,1122.268,41.072,23.281,3.016,238.216,1.313,-0.325,2.437,-0,-0,-0,15.871,17.557,104.561,124.081,-0.315,0.313,0.412,6.18,-6.704,-15.728,-0.333,0.046,0.38,18.154,1.219,-1.623,-0.386,0.062,0.376,4.128,-9.196,-0.468
0.08 sec,-299.786,1116.438,41.858,23.124,2.926,237.851,1.32,-0.331,2.461,-0,-0,-0,15.976,17.681,100.748,117.586,-0.315,0.313,0.412,6.223,-6.768,-15.851,-0.333,0.046,0.38,18.283,1.21,-1.645,-0.386,0.062,0.376,4.153,-9.274,-0.492
0.081 sec,-299.404,1110.634,42.604,22.967,2.824,237.461,1.327,-0.337,2.485,-0,-0,-0,16.078,17.799,97.013,111.284,-0.314,0.312,0.412,6.266,-6.829,-15.97,-0.333,0.046,0.38,18.408,1.2,-1.667,-0.386,0.062,0.376,4.18,-9.348,-0.518
0.082 sec,-299.022,1104.88,43.497,22.809,2.677,237.034,1.333,-0.343,2.508,-0,-0,-0,16.175,17.909,93.371,105.223,-0.314,0.312,0.413,6.309,-6.888,-16.087,-0.333,0.046,0.38,18.528,1.189,-1.69,-0.386,0.062,0.376,4.207,-9.419,-0.544
0.083 sec,-298.575,1099.283,44.452,22.649,2.515,236.585,1.338,-0.349,2.53,-0,-0,-0,16.268,18.013,89.777,99.353,-0.313,0.312,0.413,6.352,-6.944,-16.201,-0.332,0.046,0.38,18.645,1.178,-1.713,-0.386,0.062,0.377,4.234,-9.487,-0.57
0.084 sec,-298.185,1093.94,45.298,22.493,2.348,236.132,1.343,-0.354,2.55,-0,-0,-0,16.352,18.106,86.471,94.056,-0.313,0.312,0.414,6.393,-6.994,-16.304,-0.332,0.046,0.38,18.75,1.166,-1.735,-0.386,0.062,0.377,4.261,-9.548,-0.596
0.085 sec,-297.825,1088.518,46.173,22.333,2.16,235.648,1.347,-0.36,2.57,-0,-0,-0,16.434,18.194,83.161,88.852,-0.312,0.312,0.414,6.435,-7.043,-16.407,-0.332,0.046,0.38,18.854,1.153,-1.757,-0.386,0.062,0.377,4.289,-9.607,-0.622
0.086 sec,-297.443,1082.74,47.098,22.161,1.944,235.103,1.35,-0.366,2.591,-0,-0,-0,16.518,18.283,79.694,83.512,-0.312,0.312,0.415,6.479,-7.093,-16.514,-0.332,0.046,0.38,18.961,1.139,-1.782,-0.386,0.062,0.377,4.319,-9.668,-0.651
0.087 sec,-297.079,1076.807,48.003,21.981,1.707,234.517,1.354,-0.372,2.611,-0,-0,-0,16.599,18.367,76.242,78.309,-0.311,0.311,0.415,6.524,-7.141,-16.62,-0.332,0.046,0.381,19.065,1.124,-1.807,-0.386,0.062,0.377,4.35,-9.726,-0.682
0.088 sec,-296.77,1071.265,48.75,21.811,1.485,233.951,1.356,-0.377,2.629,-0,-0,-0,16.671,18.44,73.094,73.664,-0.311,0.311,0.415,6.566,-7.184,-16.715,-0.332,0.046,0.381,19.159,1.108,-1.831,-0.386,0.062,0.377,4.38,-9.778,-0.71
0.089 sec,-296.482,1065.859,49.549,21.64,1.249,233.371,1.359,-0.383,2.646,-0,-0,-0,16.739,18.508,70.006,69.199,-0.31,0.311,0.416,6.608,-7.226,-16.808,-0.332,0.046,0.381,19.249,1.093,-1.856,-0.386,0.062,0.377,4.41,-9.828,-0.739
0.09 sec,-296.102,1060.085,50.483,21.453,0.973,232.715,1.36,-0.389,2.665,-0,-0,-0,16.81,18.577,66.698,64.526,-0.31,0.311,0.416,6.654,-7.269,-16.906,-0.332,0.046,0.381,19.344,1.074,-1.883,-0.386,0.062,0.377,4.444,-9.879,-0.772
0.091 sec,-295.716,1054.293,51.381,21.263,0.692,232.03,1.362,-0.395,2.682,-0,-0,-0,16.877,18.642,63.409,59.998,-0.309,0.311,0.417,6.701,-7.311,-17.002,-0.332,0.046,0.381,19.437,1.055,-1.911,-0.385,0.062,0.378,4.478,-9.929,-0.805
0.092 sec,-295.36,1048.969,52.223,21.085,0.419,231.376,1.363,-0.401,2.697,-0,-0,-0,16.936,18.697,60.416,55.988,-0.309,0.311,0.417,6.744,-7.348,-17.088,-0.332,0.046,0.381,19.52,1.036,-1.937,-0.385,0.062,0.378,4.51,-9.974,-0.837
0.093 sec,-295.018,1043.489,53.022,20.901,0.132,230.681,1.364,-0.406,2.713,-0,-0,-0,16.994,18.75,57.399,52.044,-0.308,0.311,0.417,6.788,-7.385,-17.174,-0.332,0.046,0.381,19.602,1.016,-1.964,-0.385,0.062,0.378,4.544,-10.017,-0.87
0.094 sec,-294.672,1037.673,53.775,20.703,-0.169,229.921,1.364,-0.412,2.728,-0,-0,-0,17.052,18.801,54.235,48.002,-0.308,0.311,0.418,6.836,-7.424,-17.264,-0.332,0.046,0.381,19.687,0.994,-1.993,-0.385,0.062,0.378,4.581,-10.062,-0.906
0.095 sec,-294.291,1031.773,54.532,20.498,-0.475,229.114,1.364,-0.418,2.743,-0,-0,-0,17.107,18.85,51.049,44.024,-0.307,0.31,0.418,6.885,-7.462,-17.353,-0.332,0.046,0.381,19.772,0.969,-2.024,-0.385,0.063,0.378,4.619,-10.106,-0.943
0.096 sec,-293.921,1026.388,55.119,20.308,-0.738,228.35,1.364,-0.424,2.756,-0,-0,-0,17.155,18.891,48.166,40.486,-0.307,0.31,0.418,6.93,-7.496,-17.432,-0.332,0.046,0.381,19.847,0.946,-2.053,-0.385,0.063,0.378,4.655,-10.145,-0.979
0.097 sec,-293.52,1020.987,55.63,20.116,-0.991,227.554,1.363,-0.429,2.768,-0,-0,-0,17.2,18.928,45.318,37.035,-0.307,0.31,0.419,6.975,-7.529,-17.51,-0.332,0.046,0.381,19.921,0.921,-2.082,-0.385,0.063,0.378,4.692,-10.183,-1.015
0.098 sec,-293.077,1015.115,56.045,19.906,-1.249,226.665,1.362,-0.435,2.781,-0,-0,-0,17.246,18.965,42.302,33.416,-0.306,0.31,0.419,7.025,-7.564,-17.591,-0.332,0.046,0.381,19.999,0.894,-2.115,-0.385,0.063,0.378,4.732,-10.223,-1.055
0.099 sec,-292.649,1009.662,56.427,19.709,-1.479,225.811,1.361,-0.441,2.792,-0,-0,-0,17.285,18.996,39.528,30.109,-0.306,0.31,0.42,7.071,-7.597,-17.665,-0.332,0.046,0.381,20.069,0.867,-2.145,-0.385,0.063,0.378,4.771,-10.259,-1.093
0.1 sec,-292.165,1003.708,56.811,19.499,-1.713,224.815,1.36,-0.446,2.802,-0,-0,-0,17.322,19.023,36.827,26.874,-0.306,0.31,0.42,7.118,-7.629,-17.738,-0.332,0.046,0.382,20.138,0.838,-2.176,-0.385,0.063,0.378,4.81,-10.295,-1.132
0.101 sec,-291.56,996.619,57.106,19.255,-1.962,223.572,1.358,-0.452,2.813,-0,-0,-0,17.36,19.05,33.968,23.426,-0.305,0.31,0.42,7.17,-7.663,-17.815,-0.332,0.047,0.382,20.212,0.806,-2.211,-0.385,0.063,0.378,4.854,-10.333,-1.175
0.102 sec,-290.979,990.039,57.278,19.028,-2.184,222.394,1.356,-0.458,2.822,-0,-0,-0,17.392,19.071,31.382,20.307,-0.305,0.31,0.421,7.219,-7.695,-17.885,-0.332,0.047,0.382,20.278,0.774,-2.243,-0.385,0.063,0.378,4.895,-10.367,-1.216
0.103 sec,-290.37,983.45,57.374,18.798,-2.401,221.191,1.354,-0.463,2.831,-0,-0,-0,17.421,19.09,28.843,17.242,-0.304,0.31,0.421,7.268,-7.726,-17.953,-0.332,0.047,0.382,20.344,0.741,-2.277,-0.385,0.063,0.378,4.938,-10.401,-1.258
0.104 sec,-289.674,976.36,57.548,18.547,-2.64,219.865,1.351,-0.469,2.84,-0,-0,-0,17.451,19.106,26.14,13.975,-0.304,0.31,0.421,7.322,-7.761,-18.026,-0.332,0.047,0.382,20.413,0.704,-2.313,-0.385,0.063,0.378,4.985,-10.437,-1.304
0.105 sec,-288.98,969.921,57.875,18.315,-2.862,218.632,1.349,-0.475,2.847,-0,-0,-0,17.475,19.119,23.697,11.029,-0.304,0.31,0.422,7.373,-7.792,-18.092,-0.331,0.047,0.382,20.476,0.668,-2.347,-0.385,0.063,0.379,5.03,-10.47,-1.347
0.106 sec,-288.206,963.509,58.317,18.08,-3.081,217.381,1.346,-0.48,2.854,-0,-0,-0,17.498,19.128,21.294,8.166,-0.303,0.31,0.422,7.425,-7.824,-18.156,-0.331,0.047,0.382,20.538,0.63,-2.382,-0.385,0.063,0.379,5.076,-10.503,-1.392
0.107 sec,-287.377,957.029,58.879,17.84,-3.307,216.1,1.342,-0.486,2.86,-0,-0,-0,17.518,19.135,18.905,5.38,-0.303,0.31,0.422,7.477,-7.856,-18.219,-0.331,0.047,0.382,20.6,0.59,-2.417,-0.384,0.064,0.379,5.123,-10.537,-1.438
0.108 sec,-286.605,951.116,59.394,17.619,-3.507,214.921,1.339,-0.491,2.866,-0,-0,-0,17.534,19.139,16.758,2.939,-0.303,0.31,0.423,7.526,-7.886,-18.275,-0.331,0.047,0.382,20.655,0.552,-2.45,-0.384,0.064,0.379,5.167,-10.566,-1.48
0.109 sec,-285.723,944.622,60.053,17.373,-3.729,213.612,1.336,-0.497,2.871,-0,-0,-0,17.55,19.141,14.435,0.378,-0.302,0.31,0.423,7.581,-7.918,-18.336,-0.331,0.047,0.382,20.715,0.509,-2.486,-0.384,0.064,0.379,5.217,-10.599,-1.527
0.11 sec,-284.831,938.145,60.681,17.124,-3.946,212.295,1.332,-0.502,2.876,-0,-0,-0,17.564,19.14,12.152,-2.054,-0.302,0.31,0.423,7.636,-7.951,-18.395,-0.331,0.047,0.382,20.774,0.464,-2.523,-0.384,0.064,0.379,5.267,-10.632,-1.575
0.111 sec,-283.929,931.623,61.23,16.871,-4.153,210.958,1.328,-0.508,2.88,-0,-0,-0,17.575,19.136,9.896,-4.376,-0.302,0.31,0.424,7.692,-7.984,-18.454,-0.331,0.047,0.382,20.832,0.418,-2.56,-0.384,0.064,0.379,5.319,-10.664,-1.625
0.112 sec,-283.044,925.165,61.81,16.62,-4.363,209.625,1.323,-0.513,2.883,-0,-0,-0,17.584,19.131,7.709,-6.545,-0.301,0.31,0.424,7.748,-8.017,-18.51,-0.331,0.047,0.382,20.889,0.371,-2.598,-0.384,0.064,0.379,5.371,-10.696,-1.674
0.113 sec,-282.179,919.057,62.424,16.381,-4.559,208.351,1.319,-0.519,2.886,-0,-0,-0,17.59,19.124,5.676,-8.477,-0.301,0.31,0.424,7.801,-8.048,-18.562,-0.331,0.047,0.382,20.943,0.326,-2.634,-0.384,0.064,0.379,5.421,-10.726,-1.721
0.114 sec,-281.311,913.169,63.051,16.15,-4.746,207.111,1.315,-0.524,2.888,-0,-0,-0,17.595,19.115,3.744,-10.221,-0.301,0.31,0.424,7.854,-8.078,-18.611,-0.331,0.047,0.382,20.994,0.281,-2.669,-0.384,0.064,0.379,5.471,-10.755,-1.768
0.115 sec,-280.318,906.562,63.742,15.888,-4.952,205.707,1.311,-0.529,2.89,-0,-0,-0,17.598,19.103,1.618,-12.033,-0.301,0.31,0.425,7.913,-8.112,-18.664,-0.331,0.047,0.382,21.051,0.229,-2.708,-0.384,0.064,0.379,5.527,-10.787,-1.82
0.116 sec,-279.338,900.091,64.34,15.633,-5.144,204.321,1.306,-0.534,2.891,-0,-0,-0,17.598,19.09,-0.429,-13.674,-0.3,0.31,0.425,7.973,-8.146,-18.716,-0.331,0.047,0.382,21.106,0.177,-2.748,-0.384,0.065,0.379,5.583,-10.819,-1.873
0.117 sec,-278.421,894.106,64.868,15.397,-5.322,203.027,1.302,-0.539,2.892,-0,-0,-0,17.597,19.076,-2.278,-15.066,-0.3,0.31,0.425,8.028,-8.177,-18.762,-0.331,0.048,0.382,21.157,0.129,-2.785,-0.384,0.065,0.379,5.636,-10.848,-1.922
0.118 sec,-277.49,888.066,65.298,15.16,-5.487,201.716,1.298,-0.544,2.892,-0,-0,-0,17.594,19.061,-4.103,-16.355,-0.3,0.31,0.426,8.084,-8.208,-18.807,-0.331,0.048,0.382,21.208,0.08,-2.823,-0.384,0.065,0.379,5.69,-10.876,-1.972
0.119 sec,-276.481,881.437,65.689,14.902,-5.661,200.273,1.293,-0.549,2.892,-0,-0,-0,17.588,19.042,-6.05,-17.64,-0.3,0.31,0.426,8.145,-8.241,-18.855,-0.331,0.048,0.382,21.263,0.025,-2.865,-0.384,0.065,0.379,5.75,-10.907,-2.027
0.12 sec,-275.473,874.787,66.007,14.645,-5.827,198.82,1.288,-0.554,2.891,-0,-0,-0,17.581,19.023,-7.946,-18.806,-0.299,0.31,0.426,8.207,-8.275,-18.902,-0.331,0.048,0.382,21.318,-0.03,-2.907,-0.384,0.065,0.379,5.81,-10.938,-2.083
0.121 sec,-274.55,868.627,66.235,14.409,-5.972,197.467,1.284,-0.559,2.889,-0,-0,-0,17.572,19.004,-9.655,-19.79,-0.299,0.31,0.427,8.265,-8.306,-18.944,-0.331,0.048,0.382,21.369,-0.081,-2.946,-0.384,0.065,0.379,5.867,-10.965,-2.135
0.122 sec,-273.62,862.494,66.408,14.178,-6.11,196.114,1.28,-0.563,2.887,-0,-0,-0,17.562,18.984,-11.302,-20.679,-0.299,0.31,0.427,8.323,-8.337,-18.985,-0.331,0.048,0.382,21.42,-0.132,-2.986,-0.383,0.065,0.379,5.924,-10.993,-2.187
0.123 sec,-272.69,856.363,66.515,13.949,-6.239,194.758,1.276,-0.568,2.884,-0,-0,-0,17.55,18.963,-12.899,-21.485,-0.299,0.31,0.427,8.381,-8.367,-19.024,-0.331,0.048,0.382,21.47,-0.183,-3.026,-0.383,0.066,0.379,5.981,-11.019,-2.239
0.124 sec,-271.74,850.087,66.583,13.718,-6.366,193.365,1.272,-0.572,2.881,-0,-0,-0,17.536,18.941,-14.479,-22.231,-0.298,0.31,0.428,8.44,-8.398,-19.063,-0.33,0.048,0.382,21.521,-0.236,-3.067,-0.383,0.066,0.379,6.04,-11.046,-2.293
0.125 sec,-270.793,843.865,66.596,13.492,-6.486,191.98,1.268,-0.576,2.878,-0,-0,-0,17.521,18.918,-15.992,-22.896,-0.298,0.31,0.428,8.5,-8.428,-19.1,-0.33,0.048,0.382,21.571,-0.288,-3.107,-0.383,0.066,0.379,6.099,-11.072,-2.346
0.126 sec,-269.839,837.622,66.561,13.269,-6.599,190.584,1.264,-0.58,2.874,-0,-0,-0,17.504,18.895,-17.456,-23.495,-0.298,0.31,0.428,8.559,-8.459,-19.136,-0.33,0.048,0.382,21.622,-0.34,-3.149,-0.383,0.066,0.379,6.159,-11.098,-2.4
0.127 sec,-268.941,831.811,66.492,13.065,-6.699,189.282,1.261,-0.584,2.869,-0,-0,-0,17.487,18.872,-18.767,-23.994,-0.298,0.31,0.429,8.615,-8.486,-19.169,-0.33,0.048,0.382,21.669,-0.388,-3.188,-0.383,0.066,0.379,6.215,-11.122,-2.45
0.128 sec,-268.049,826.071,66.373,12.866,-6.79,187.993,1.258,-0.588,2.865,-0,-0,-0,17.469,18.85,-20.014,-24.433,-0.297,0.31,0.429,8.671,-8.513,-19.2,-0.33,0.049,0.382,21.716,-0.436,-3.226,-0.383,0.066,0.379,6.27,-11.144,-2.5
0.129 sec,-267.067,819.772,66.187,12.652,-6.882,186.575,1.254,-0.591,2.86,-0,-0,-0,17.448,18.825,-21.328,-24.862,-0.297,0.31,0.429,8.732,-8.543,-19.233,-0.33,0.049,0.382,21.767,-0.488,-3.269,-0.383,0.066,0.379,6.332,-11.169,-2.555
0.13 sec,-266.068,813.385,65.958,12.438,-6.969,185.135,1.251,-0.595,2.854,-0,-0,-0,17.425,18.798,-22.599,-25.244,-0.297,0.31,0.429,8.793,-8.572,-19.265,-0.33,0.049,0.382,21.818,-0.54,-3.312,-0.383,0.067,0.379,6.395,-11.193,-2.611
0.131 sec,-265.175,807.65,65.738,12.249,-7.043,183.834,1.248,-0.598,2.848,-0,-0,-0,17.403,18.774,-23.688,-25.549,-0.297,0.31,0.43,8.85,-8.598,-19.293,-0.33,0.049,0.382,21.865,-0.587,-3.351,-0.383,0.067,0.379,6.452,-11.214,-2.661
0.132 sec,-264.233,801.768,65.481,12.059,-7.113,182.494,1.245,-0.602,2.842,-0,-0,-0,17.379,18.75,-24.742,-25.824,-0.297,0.31,0.43,8.907,-8.625,-19.321,-0.33,0.049,0.382,21.913,-0.635,-3.391,-0.383,0.067,0.379,6.511,-11.235,-2.712
0.133 sec,-263.203,795.392,65.14,11.857,-7.177,181.04,1.242,-0.605,2.835,-0,-0,-0,17.353,18.722,-25.824,-26.087,-0.296,0.31,0.43,8.97,-8.653,-19.349,-0.33,0.049,0.382,21.965,-0.686,-3.435,-0.383,0.067,0.379,6.575,-11.258,-2.768
0.134 sec,-262.175,789.028,64.767,11.66,-7.235,179.585,1.239,-0.608,2.827,-0,-0,-0,17.325,18.694,-26.836,-26.316,-0.296,0.31,0.431,9.033,-8.68,-19.377,-0.33,0.049,0.382,22.017,-0.737,-3.478,-0.383,0.067,0.379,6.64,-11.279,-2.823
0.135 sec,-261.224,783.145,64.426,11.482,-7.288,178.237,1.236,-0.611,2.82,-0,-0,-0,17.298,18.668,-27.712,-26.502,-0.296,0.31,0.431,9.091,-8.705,-19.401,-0.33,0.049,0.382,22.065,-0.784,-3.519,-0.382,0.067,0.379,6.7,-11.299,-2.875
0.136 sec,-260.266,777.361,64.028,11.31,-7.328,176.908,1.234,-0.614,2.812,-0,-0,-0,17.27,18.643,-28.516,-26.667,-0.296,0.31,0.431,9.149,-8.73,-19.425,-0.33,0.049,0.382,22.113,-0.829,-3.559,-0.382,0.068,0.379,6.76,-11.318,-2.925
0.137 sec,-259.291,771.511,63.614,11.14,-7.366,175.563,1.232,-0.616,2.805,-0,-0,-0,17.242,18.616,-29.275,-26.816,-0.296,0.31,0.432,9.208,-8.754,-19.447,-0.33,0.049,0.382,22.162,-0.875,-3.6,-0.382,0.068,0.379,6.821,-11.336,-2.977
0.138 sec,-258.306,765.655,63.191,10.973,-7.402,174.215,1.229,-0.619,2.796,-0,-0,-0,17.212,18.589,-29.974,-26.949,-0.296,0.31,0.432,9.267,-8.778,-19.469,-0.33,0.049,0.382,22.211,-0.92,-3.64,-0.382,0.068,0.379,6.882,-11.354,-3.028
0.139 sec,-257.326,759.892,62.739,10.812,-7.431,172.888,1.227,-0.622,2.788,-0,-0,-0,17.182,18.562,-30.61,-27.07,-0.295,0.31,0.432,9.326,-8.801,-19.489,-0.33,0.05,0.382,22.259,-0.965,-3.681,-0.382,0.068,0.379,6.944,-11.371,-3.078
0.14 sec,-256.318,754.04,62.255,10.652,-7.455,171.539,1.225,-0.624,2.779,-0,-0,-0,17.15,18.534,-31.197,-27.187,-0.295,0.31,0.433,9.387,-8.824,-19.509,-0.33,0.05,0.383,22.309,-1.009,-3.722,-0.382,0.068,0.379,7.007,-11.388,-3.129
0.141 sec,-255.335,748.398,61.778,10.5,-7.475,170.238,1.223,-0.626,2.771,-0,-0,-0,17.119,18.507,-31.709,-27.295,-0.295,0.31,0.433,9.446,-8.845,-19.527,-0.329,0.05,0.383,22.357,-1.052,-3.761,-0.382,0.068,0.379,7.069,-11.404,-3.179
0.142 sec,-254.409,743.145,61.333,10.361,-7.494,169.026,1.222,-0.629,2.762,-0,-0,-0,17.089,18.481,-32.135,-27.395,-0.295,0.311,0.433,9.502,-8.865,-19.543,-0.329,0.05,0.383,22.402,-1.092,-3.798,-0.382,0.068,0.379,7.127,-11.418,-3.224
0.143 sec,-253.4,737.53,60.818,10.215,-7.506,167.73,1.22,-0.631,2.753,-0,-0,-0,17.056,18.453,-32.538,-27.504,-0.295,0.311,0.434,9.562,-8.886,-19.559,-0.329,0.05,0.383,22.451,-1.134,-3.838,-0.382,0.069,0.379,7.19,-11.432,-3.273
0.144 sec,-252.384,731.973,60.311,10.074,-7.519,166.447,1.218,-0.633,2.744,-0,-0,-0,17.022,18.425,-32.885,-27.615,-0.295,0.311,0.434,9.622,-8.907,-19.575,-0.329,0.05,0.383,22.5,-1.176,-3.877,-0.382,0.069,0.379,7.253,-11.446,-3.322
0.145 sec,-251.443,726.915,59.853,9.947,-7.531,165.28,1.216,-0.635,2.735,-0,-0,-0,16.991,18.399,-33.152,-27.718,-0.295,0.311,0.434,9.678,-8.925,-19.588,-0.329,0.05,0.383,22.545,-1.214,-3.913,-0.382,0.069,0.379,7.312,-11.459,-3.366
0.146 sec,-250.39,721.387,59.324,9.811,-7.539,164.003,1.215,-0.637,2.726,-0,-0,-0,16.955,18.369,-33.392,-27.838,-0.294,0.311,0.434,9.74,-8.944,-19.602,-0.329,0.05,0.383,22.594,-1.255,-3.952,-0.382,0.069,0.379,7.377,-11.472,-3.414
0.147 sec,-249.35,716.055,58.812,9.682,-7.547,162.772,1.213,-0.639,2.716,-0,-0,-0,16.921,18.34,-33.577,-27.961,-0.294,0.311,0.435,9.801,-8.962,-19.614,-0.329,0.05,0.383,22.643,-1.294,-3.99,-0.381,0.069,0.379,7.442,-11.484,-3.461
0.148 sec,-248.376,711.208,58.369,9.565,-7.561,161.654,1.212,-0.64,2.707,-0,-0,-0,16.888,18.313,-33.706,-28.08,-0.294,0.311,0.435,9.858,-8.979,-19.625,-0.329,0.05,0.383,22.689,-1.33,-4.025,-0.381,0.069,0.379,7.502,-11.494,-3.504
0.149 sec,-247.419,706.603,57.922,9.456,-7.57,160.592,1.21,-0.642,2.698,-0,-0,-0,16.855,18.286,-33.799,-28.203,-0.294,0.311,0.435,9.914,-8.994,-19.635,-0.329,0.05,0.383,22.733,-1.365,-4.059,-0.381,0.069,0.379,7.561,-11.504,-3.545
0.15 sec,-246.911,704.194,57.711,9.399,-7.581,160.037,1.209,-0.643,2.693,-0,-0,-0,16.838,18.272,-33.836,-28.27,-0.294,0.311,0.436,9.944,-9.002,-19.64,-0.329,0.05,0.383,22.756,-1.383,-4.076,-0.381,0.069,0.379,7.593,-11.509,-3.567
